<?xml version='1.0' encoding='UTF-8'?>
<gpx version="1.1" creator="https://www.komoot.de" xmlns="http://www.topografix.com/GPX/1/1" xmlns:xsi="http://www.w3.org/2001/XMLSchema-instance" xsi:schemaLocation="http://www.topografix.com/GPX/1/1 http://www.topografix.com/GPX/1/1/gpx.xsd">
  <metadata>
    <name>Ebberunde</name>
    <author>
      <link href="https://www.komoot.de">
        <text>komoot</text>
        <type>text/html</type>
      </link>
    </author>
  </metadata>
  <trk>
    <name>Ebberunde</name>
    <trkseg>
      <trkpt lat="51.256854" lon="7.763226">
        <ele>187.813628</ele>
        <time>2026-05-16T19:06:45.637Z</time>
      </trkpt>
      <trkpt lat="51.257041" lon="7.763215">
        <ele>187.813628</ele>
        <time>2026-05-16T19:06:58.656Z</time>
      </trkpt>
      <trkpt lat="51.257043" lon="7.763307">
        <ele>187.813628</ele>
        <time>2026-05-16T19:07:02.677Z</time>
      </trkpt>
      <trkpt lat="51.256967" lon="7.763307">
        <ele>187.813628</ele>
        <time>2026-05-16T19:07:04.150Z</time>
      </trkpt>
      <trkpt lat="51.256439" lon="7.763317">
        <ele>187.813628</ele>
        <time>2026-05-16T19:07:15.194Z</time>
      </trkpt>
      <trkpt lat="51.255851" lon="7.763503">
        <ele>187.896571</ele>
        <time>2026-05-16T19:07:26.813Z</time>
      </trkpt>
      <trkpt lat="51.255781" lon="7.763529">
        <ele>187.907431</ele>
        <time>2026-05-16T19:07:28.173Z</time>
      </trkpt>
      <trkpt lat="51.255694" lon="7.763562">
        <ele>187.920944</ele>
        <time>2026-05-16T19:07:29.859Z</time>
      </trkpt>
      <trkpt lat="51.255049" lon="7.764113">
        <ele>188.031470</ele>
        <time>2026-05-16T19:07:45.799Z</time>
      </trkpt>
      <trkpt lat="51.254790" lon="7.764446">
        <ele>188.081707</ele>
        <time>2026-05-16T19:07:53.504Z</time>
      </trkpt>
      <trkpt lat="51.254721" lon="7.764602">
        <ele>188.123578</ele>
        <time>2026-05-16T19:07:55.831Z</time>
      </trkpt>
      <trkpt lat="51.254544" lon="7.764999">
        <ele>188.246200</ele>
        <time>2026-05-16T19:08:02.613Z</time>
      </trkpt>
      <trkpt lat="51.254467" lon="7.765321">
        <ele>188.332917</ele>
        <time>2026-05-16T19:08:07.943Z</time>
      </trkpt>
      <trkpt lat="51.254422" lon="7.765686">
        <ele>188.426504</ele>
        <time>2026-05-16T19:08:13.800Z</time>
      </trkpt>
      <trkpt lat="51.254411" lon="7.765784">
        <ele>188.451551</ele>
        <time>2026-05-16T19:08:15.326Z</time>
      </trkpt>
      <trkpt lat="51.254337" lon="7.765962">
        <ele>188.505309</ele>
        <time>2026-05-16T19:08:18.249Z</time>
      </trkpt>
      <trkpt lat="51.254240" lon="7.766102">
        <ele>188.557851</ele>
        <time>2026-05-16T19:08:20.845Z</time>
      </trkpt>
      <trkpt lat="51.254326" lon="7.766416">
        <ele>188.644076</ele>
        <time>2026-05-16T19:08:24.827Z</time>
      </trkpt>
      <trkpt lat="51.254352" lon="7.766670">
        <ele>188.708824</ele>
        <time>2026-05-16T19:08:27.665Z</time>
      </trkpt>
      <trkpt lat="51.254359" lon="7.767257">
        <ele>189.104886</ele>
        <time>2026-05-16T19:08:34.689Z</time>
      </trkpt>
      <trkpt lat="51.254360" lon="7.767330">
        <ele>189.218074</ele>
        <time>2026-05-16T19:08:35.706Z</time>
      </trkpt>
      <trkpt lat="51.254370" lon="7.767720">
        <ele>189.823139</ele>
        <time>2026-05-16T19:08:41.351Z</time>
      </trkpt>
      <trkpt lat="51.254417" lon="7.768029">
        <ele>190.316078</ele>
        <time>2026-05-16T19:08:46.725Z</time>
      </trkpt>
      <trkpt lat="51.254443" lon="7.768191">
        <ele>190.575327</ele>
        <time>2026-05-16T19:08:49.678Z</time>
      </trkpt>
      <trkpt lat="51.254414" lon="7.768308">
        <ele>190.770400</ele>
        <time>2026-05-16T19:08:51.898Z</time>
      </trkpt>
      <trkpt lat="51.254424" lon="7.768406">
        <ele>190.924320</ele>
        <time>2026-05-16T19:08:53.680Z</time>
      </trkpt>
      <trkpt lat="51.254461" lon="7.768486">
        <ele>191.078519</ele>
        <time>2026-05-16T19:08:55.436Z</time>
      </trkpt>
      <trkpt lat="51.254510" lon="7.768528">
        <ele>191.216243</ele>
        <time>2026-05-16T19:08:57.166Z</time>
      </trkpt>
      <trkpt lat="51.254593" lon="7.768522">
        <ele>191.422029</ele>
        <time>2026-05-16T19:08:59.647Z</time>
      </trkpt>
      <trkpt lat="51.254662" lon="7.768616">
        <ele>191.646616</ele>
        <time>2026-05-16T19:09:02.672Z</time>
      </trkpt>
      <trkpt lat="51.254749" lon="7.768701">
        <ele>191.899191</ele>
        <time>2026-05-16T19:09:06.113Z</time>
      </trkpt>
      <trkpt lat="51.255048" lon="7.768906">
        <ele>192.705059</ele>
        <time>2026-05-16T19:09:18.885Z</time>
      </trkpt>
      <trkpt lat="51.255430" lon="7.769006">
        <ele>193.649298</ele>
        <time>2026-05-16T19:09:37.139Z</time>
      </trkpt>
      <trkpt lat="51.255700" lon="7.768990">
        <ele>194.294239</ele>
        <time>2026-05-16T19:09:50.253Z</time>
      </trkpt>
      <trkpt lat="51.256165" lon="7.768875">
        <ele>195.417423</ele>
        <time>2026-05-16T19:10:08.671Z</time>
      </trkpt>
      <trkpt lat="51.256588" lon="7.768817">
        <ele>196.430847</ele>
        <time>2026-05-16T19:10:21.100Z</time>
      </trkpt>
      <trkpt lat="51.257018" lon="7.768808">
        <ele>197.457357</ele>
        <time>2026-05-16T19:10:29.148Z</time>
      </trkpt>
      <trkpt lat="51.257331" lon="7.768842">
        <ele>197.165227</ele>
        <time>2026-05-16T19:10:33.828Z</time>
      </trkpt>
      <trkpt lat="51.257540" lon="7.768885">
        <ele>196.862028</ele>
        <time>2026-05-16T19:10:36.932Z</time>
      </trkpt>
      <trkpt lat="51.257995" lon="7.769033">
        <ele>196.193929</ele>
        <time>2026-05-16T19:10:43.828Z</time>
      </trkpt>
      <trkpt lat="51.258321" lon="7.769188">
        <ele>195.704544</ele>
        <time>2026-05-16T19:10:49.026Z</time>
      </trkpt>
      <trkpt lat="51.258899" lon="7.769579">
        <ele>194.985323</ele>
        <time>2026-05-16T19:11:00.126Z</time>
      </trkpt>
      <trkpt lat="51.259491" lon="7.770030">
        <ele>195.078687</ele>
        <time>2026-05-16T19:11:16.140Z</time>
      </trkpt>
      <trkpt lat="51.260063" lon="7.770581">
        <ele>195.173767</ele>
        <time>2026-05-16T19:11:29.738Z</time>
      </trkpt>
      <trkpt lat="51.260508" lon="7.771106">
        <ele>195.075804</ele>
        <time>2026-05-16T19:11:39.931Z</time>
      </trkpt>
      <trkpt lat="51.260986" lon="7.771646">
        <ele>194.627345</ele>
        <time>2026-05-16T19:11:50.300Z</time>
      </trkpt>
      <trkpt lat="51.261523" lon="7.772074">
        <ele>194.167624</ele>
        <time>2026-05-16T19:12:00.223Z</time>
      </trkpt>
      <trkpt lat="51.261976" lon="7.772578">
        <ele>193.723259</ele>
        <time>2026-05-16T19:12:09.720Z</time>
      </trkpt>
      <trkpt lat="51.262173" lon="7.772874">
        <ele>193.472497</ele>
        <time>2026-05-16T19:12:14.423Z</time>
      </trkpt>
      <trkpt lat="51.262324" lon="7.773180">
        <ele>193.246352</ele>
        <time>2026-05-16T19:12:18.488Z</time>
      </trkpt>
      <trkpt lat="51.262525" lon="7.773726">
        <ele>192.878742</ele>
        <time>2026-05-16T19:12:24.969Z</time>
      </trkpt>
      <trkpt lat="51.262642" lon="7.774202">
        <ele>192.581973</ele>
        <time>2026-05-16T19:12:30.643Z</time>
      </trkpt>
      <trkpt lat="51.262788" lon="7.775250">
        <ele>191.832009</ele>
        <time>2026-05-16T19:12:42.319Z</time>
      </trkpt>
      <trkpt lat="51.262886" lon="7.775947">
        <ele>191.178254</ele>
        <time>2026-05-16T19:12:49.610Z</time>
      </trkpt>
      <trkpt lat="51.262993" lon="7.777092">
        <ele>190.118802</ele>
        <time>2026-05-16T19:13:01.072Z</time>
      </trkpt>
      <trkpt lat="51.262685" lon="7.777136">
        <ele>189.666565</ele>
        <time>2026-05-16T19:13:05.965Z</time>
      </trkpt>
      <trkpt lat="51.262612" lon="7.777233">
        <ele>189.534967</ele>
        <time>2026-05-16T19:13:07.461Z</time>
      </trkpt>
      <trkpt lat="51.262599" lon="7.777370">
        <ele>189.452537</ele>
        <time>2026-05-16T19:13:08.820Z</time>
      </trkpt>
      <trkpt lat="51.262605" lon="7.777484">
        <ele>189.384481</ele>
        <time>2026-05-16T19:13:09.946Z</time>
      </trkpt>
      <trkpt lat="51.262655" lon="7.778510">
        <ele>188.772291</ele>
        <time>2026-05-16T19:13:20.299Z</time>
      </trkpt>
      <trkpt lat="51.262605" lon="7.780640">
        <ele>187.768096</ele>
        <time>2026-05-16T19:13:44.334Z</time>
      </trkpt>
      <trkpt lat="51.262582" lon="7.780979">
        <ele>187.725348</ele>
        <time>2026-05-16T19:13:48.376Z</time>
      </trkpt>
      <trkpt lat="51.262568" lon="7.781130">
        <ele>187.706211</ele>
        <time>2026-05-16T19:13:50.138Z</time>
      </trkpt>
      <trkpt lat="51.262510" lon="7.781700">
        <ele>187.633814</ele>
        <time>2026-05-16T19:13:56.957Z</time>
      </trkpt>
      <trkpt lat="51.262384" lon="7.782572">
        <ele>187.521618</ele>
        <time>2026-05-16T19:14:07.520Z</time>
      </trkpt>
      <trkpt lat="51.262198" lon="7.783555">
        <ele>187.552721</ele>
        <time>2026-05-16T19:14:19.528Z</time>
      </trkpt>
      <trkpt lat="51.262001" lon="7.784342">
        <ele>187.645568</ele>
        <time>2026-05-16T19:14:29.790Z</time>
      </trkpt>
      <trkpt lat="51.261735" lon="7.785210">
        <ele>187.751437</ele>
        <time>2026-05-16T19:14:42.501Z</time>
      </trkpt>
      <trkpt lat="51.261472" lon="7.785927">
        <ele>187.899964</ele>
        <time>2026-05-16T19:14:54.094Z</time>
      </trkpt>
      <trkpt lat="51.258174" lon="7.794180">
        <ele>189.912023</ele>
        <time>2026-05-16T19:17:02.483Z</time>
      </trkpt>
      <trkpt lat="51.256360" lon="7.798888">
        <ele>189.909772</ele>
        <time>2026-05-16T19:18:06.220Z</time>
      </trkpt>
      <trkpt lat="51.256281" lon="7.799093">
        <ele>189.988177</ele>
        <time>2026-05-16T19:18:08.737Z</time>
      </trkpt>
      <trkpt lat="51.256125" lon="7.799460">
        <ele>190.132662</ele>
        <time>2026-05-16T19:18:13.891Z</time>
      </trkpt>
      <trkpt lat="51.255821" lon="7.800228">
        <ele>190.728357</ele>
        <time>2026-05-16T19:18:29.251Z</time>
      </trkpt>
      <trkpt lat="51.255782" lon="7.800330">
        <ele>191.064311</ele>
        <time>2026-05-16T19:18:31.761Z</time>
      </trkpt>
      <trkpt lat="51.255724" lon="7.800482">
        <ele>191.564674</ele>
        <time>2026-05-16T19:18:35.779Z</time>
      </trkpt>
      <trkpt lat="51.255706" lon="7.800529">
        <ele>191.719546</ele>
        <time>2026-05-16T19:18:37.067Z</time>
      </trkpt>
      <trkpt lat="51.255222" lon="7.801838">
        <ele>195.992818</ele>
        <time>2026-05-16T19:19:21.438Z</time>
      </trkpt>
      <trkpt lat="51.255188" lon="7.802031">
        <ele>196.556360</ele>
        <time>2026-05-16T19:19:27.727Z</time>
      </trkpt>
      <trkpt lat="51.255190" lon="7.802443">
        <ele>197.714395</ele>
        <time>2026-05-16T19:19:40.561Z</time>
      </trkpt>
      <trkpt lat="51.255254" lon="7.802820">
        <ele>198.582438</ele>
        <time>2026-05-16T19:19:51.481Z</time>
      </trkpt>
      <trkpt lat="51.255304" lon="7.802951">
        <ele>198.726644</ele>
        <time>2026-05-16T19:19:55.311Z</time>
      </trkpt>
      <trkpt lat="51.255313" lon="7.802967">
        <ele>198.746862</ele>
        <time>2026-05-16T19:19:55.791Z</time>
      </trkpt>
      <trkpt lat="51.255670" lon="7.803532">
        <ele>199.501416</ele>
        <time>2026-05-16T19:20:12.185Z</time>
      </trkpt>
      <trkpt lat="51.255973" lon="7.804012">
        <ele>200.142140</ele>
        <time>2026-05-16T19:20:21.875Z</time>
      </trkpt>
      <trkpt lat="51.256259" lon="7.804601">
        <ele>200.842754</ele>
        <time>2026-05-16T19:20:30.797Z</time>
      </trkpt>
      <trkpt lat="51.257035" lon="7.806240">
        <ele>200.030810</ele>
        <time>2026-05-16T19:20:52.749Z</time>
      </trkpt>
      <trkpt lat="51.257225" lon="7.806642">
        <ele>199.695664</ele>
        <time>2026-05-16T19:20:57.919Z</time>
      </trkpt>
      <trkpt lat="51.257399" lon="7.807059">
        <ele>199.362230</ele>
        <time>2026-05-16T19:21:03.024Z</time>
      </trkpt>
      <trkpt lat="51.257425" lon="7.807161">
        <ele>199.288958</ele>
        <time>2026-05-16T19:21:04.134Z</time>
      </trkpt>
      <trkpt lat="51.257515" lon="7.807707">
        <ele>198.766922</ele>
        <time>2026-05-16T19:21:09.746Z</time>
      </trkpt>
      <trkpt lat="51.257525" lon="7.807890">
        <ele>198.592479</ele>
        <time>2026-05-16T19:21:11.530Z</time>
      </trkpt>
      <trkpt lat="51.257505" lon="7.808312">
        <ele>198.190589</ele>
        <time>2026-05-16T19:21:15.718Z</time>
      </trkpt>
      <trkpt lat="51.257466" lon="7.808573">
        <ele>197.935770</ele>
        <time>2026-05-16T19:21:18.443Z</time>
      </trkpt>
      <trkpt lat="51.257365" lon="7.809001">
        <ele>197.501394</ele>
        <time>2026-05-16T19:21:23.148Z</time>
      </trkpt>
      <trkpt lat="51.257214" lon="7.809348">
        <ele>197.100041</ele>
        <time>2026-05-16T19:21:27.448Z</time>
      </trkpt>
      <trkpt lat="51.257069" lon="7.809490">
        <ele>196.841981</ele>
        <time>2026-05-16T19:21:31.189Z</time>
      </trkpt>
      <trkpt lat="51.257993" lon="7.811075">
        <ele>196.426923</ele>
        <time>2026-05-16T19:22:09.266Z</time>
      </trkpt>
      <trkpt lat="51.257816" lon="7.811370">
        <ele>196.404713</ele>
        <time>2026-05-16T19:22:19.474Z</time>
      </trkpt>
      <trkpt lat="51.257431" lon="7.811699">
        <ele>196.497698</ele>
        <time>2026-05-16T19:22:38.796Z</time>
      </trkpt>
      <trkpt lat="51.257444" lon="7.811744">
        <ele>196.592885</ele>
        <time>2026-05-16T19:22:40.247Z</time>
      </trkpt>
      <trkpt lat="51.257633" lon="7.812364">
        <ele>197.917350</ele>
        <time>2026-05-16T19:22:57.505Z</time>
      </trkpt>
      <trkpt lat="51.257674" lon="7.812484">
        <ele>198.179920</ele>
        <time>2026-05-16T19:23:02.135Z</time>
      </trkpt>
      <trkpt lat="51.257297" lon="7.812784">
        <ele>199.472378</ele>
        <time>2026-05-16T19:23:18.202Z</time>
      </trkpt>
      <trkpt lat="51.256864" lon="7.813040">
        <ele>200.889203</ele>
        <time>2026-05-16T19:23:36.837Z</time>
      </trkpt>
      <trkpt lat="51.256045" lon="7.813370">
        <ele>202.542918</ele>
        <time>2026-05-16T19:24:00.897Z</time>
      </trkpt>
      <trkpt lat="51.255726" lon="7.813430">
        <ele>202.947357</ele>
        <time>2026-05-16T19:24:09.168Z</time>
      </trkpt>
      <trkpt lat="51.255585" lon="7.813435">
        <ele>203.124940</ele>
        <time>2026-05-16T19:24:12.803Z</time>
      </trkpt>
      <trkpt lat="51.255472" lon="7.813439">
        <ele>203.267257</ele>
        <time>2026-05-16T19:24:15.659Z</time>
      </trkpt>
      <trkpt lat="51.254826" lon="7.813378">
        <ele>204.082081</ele>
        <time>2026-05-16T19:24:31.044Z</time>
      </trkpt>
      <trkpt lat="51.254491" lon="7.813281">
        <ele>203.795696</ele>
        <time>2026-05-16T19:24:37.653Z</time>
      </trkpt>
      <trkpt lat="51.254124" lon="7.813041">
        <ele>203.291982</ele>
        <time>2026-05-16T19:24:44.567Z</time>
      </trkpt>
      <trkpt lat="51.253828" lon="7.812757">
        <ele>202.853408</ele>
        <time>2026-05-16T19:24:50.323Z</time>
      </trkpt>
      <trkpt lat="51.252920" lon="7.811777">
        <ele>201.262683</ele>
        <time>2026-05-16T19:25:06.790Z</time>
      </trkpt>
      <trkpt lat="51.252464" lon="7.811352">
        <ele>200.265717</ele>
        <time>2026-05-16T19:25:14.614Z</time>
      </trkpt>
      <trkpt lat="51.252063" lon="7.811127">
        <ele>199.463086</ele>
        <time>2026-05-16T19:25:21.400Z</time>
      </trkpt>
      <trkpt lat="51.251706" lon="7.811011">
        <ele>198.775089</ele>
        <time>2026-05-16T19:25:27.457Z</time>
      </trkpt>
      <trkpt lat="51.251438" lon="7.810952">
        <ele>198.284673</ele>
        <time>2026-05-16T19:25:32.098Z</time>
      </trkpt>
      <trkpt lat="51.251391" lon="7.810941">
        <ele>198.203752</ele>
        <time>2026-05-16T19:25:32.903Z</time>
      </trkpt>
      <trkpt lat="51.251271" lon="7.810914">
        <ele>197.997311</ele>
        <time>2026-05-16T19:25:34.990Z</time>
      </trkpt>
      <trkpt lat="51.251016" lon="7.810853">
        <ele>197.558066</ele>
        <time>2026-05-16T19:25:39.321Z</time>
      </trkpt>
      <trkpt lat="51.250584" lon="7.810755">
        <ele>196.814757</ele>
        <time>2026-05-16T19:25:46.389Z</time>
      </trkpt>
      <trkpt lat="51.250459" lon="7.810728">
        <ele>196.599877</ele>
        <time>2026-05-16T19:25:48.363Z</time>
      </trkpt>
      <trkpt lat="51.250363" lon="7.810712">
        <ele>196.435450</ele>
        <time>2026-05-16T19:25:49.869Z</time>
      </trkpt>
      <trkpt lat="51.250234" lon="7.809980">
        <ele>195.624589</ele>
        <time>2026-05-16T19:25:57.014Z</time>
      </trkpt>
      <trkpt lat="51.250168" lon="7.809779">
        <ele>195.392873</ele>
        <time>2026-05-16T19:25:59.119Z</time>
      </trkpt>
      <trkpt lat="51.250055" lon="7.809529">
        <ele>195.190897</ele>
        <time>2026-05-16T19:26:01.996Z</time>
      </trkpt>
      <trkpt lat="51.250020" lon="7.809358">
        <ele>195.073059</ele>
        <time>2026-05-16T19:26:03.680Z</time>
      </trkpt>
      <trkpt lat="51.250017" lon="7.809211">
        <ele>194.976725</ele>
        <time>2026-05-16T19:26:05.051Z</time>
      </trkpt>
      <trkpt lat="51.250106" lon="7.808527">
        <ele>194.519141</ele>
        <time>2026-05-16T19:26:11.800Z</time>
      </trkpt>
      <trkpt lat="51.250109" lon="7.808348">
        <ele>194.401857</ele>
        <time>2026-05-16T19:26:13.633Z</time>
      </trkpt>
      <trkpt lat="51.250095" lon="7.808176">
        <ele>194.288252</ele>
        <time>2026-05-16T19:26:15.451Z</time>
      </trkpt>
      <trkpt lat="51.250003" lon="7.807723">
        <ele>193.976318</ele>
        <time>2026-05-16T19:26:20.710Z</time>
      </trkpt>
      <trkpt lat="51.249957" lon="7.807615">
        <ele>193.890756</ele>
        <time>2026-05-16T19:26:22.228Z</time>
      </trkpt>
      <trkpt lat="51.249889" lon="7.807561">
        <ele>193.811293</ele>
        <time>2026-05-16T19:26:23.654Z</time>
      </trkpt>
      <trkpt lat="51.249797" lon="7.807609">
        <ele>193.710019</ele>
        <time>2026-05-16T19:26:25.533Z</time>
      </trkpt>
      <trkpt lat="51.249313" lon="7.808328">
        <ele>195.631349</ele>
        <time>2026-05-16T19:26:42.183Z</time>
      </trkpt>
      <trkpt lat="51.249210" lon="7.808481">
        <ele>196.240106</ele>
        <time>2026-05-16T19:26:46.877Z</time>
      </trkpt>
      <trkpt lat="51.249084" lon="7.808582">
        <ele>196.850280</ele>
        <time>2026-05-16T19:26:52.189Z</time>
      </trkpt>
      <trkpt lat="51.249050" lon="7.808585">
        <ele>196.997669</ele>
        <time>2026-05-16T19:26:53.558Z</time>
      </trkpt>
      <trkpt lat="51.248988" lon="7.808506">
        <ele>197.340929</ele>
        <time>2026-05-16T19:26:56.819Z</time>
      </trkpt>
      <trkpt lat="51.248820" lon="7.807804">
        <ele>199.377128</ele>
        <time>2026-05-16T19:27:18.929Z</time>
      </trkpt>
      <trkpt lat="51.248674" lon="7.807293">
        <ele>200.898993</ele>
        <time>2026-05-16T19:27:37.989Z</time>
      </trkpt>
      <trkpt lat="51.248608" lon="7.807130">
        <ele>201.501579</ele>
        <time>2026-05-16T19:27:45.152Z</time>
      </trkpt>
      <trkpt lat="51.248452" lon="7.806979">
        <ele>202.828325</ele>
        <time>2026-05-16T19:27:55.985Z</time>
      </trkpt>
      <trkpt lat="51.248444" lon="7.806854">
        <ele>203.400421</ele>
        <time>2026-05-16T19:28:00.626Z</time>
      </trkpt>
      <trkpt lat="51.248356" lon="7.806501">
        <ele>205.130417</ele>
        <time>2026-05-16T19:28:14.876Z</time>
      </trkpt>
      <trkpt lat="51.248198" lon="7.806079">
        <ele>207.369287</ele>
        <time>2026-05-16T19:28:34.104Z</time>
      </trkpt>
      <trkpt lat="51.248028" lon="7.805733">
        <ele>209.371991</ele>
        <time>2026-05-16T19:28:50.920Z</time>
      </trkpt>
      <trkpt lat="51.247970" lon="7.805642">
        <ele>209.963307</ele>
        <time>2026-05-16T19:28:55.742Z</time>
      </trkpt>
      <trkpt lat="51.247798" lon="7.805477">
        <ele>211.422639</ele>
        <time>2026-05-16T19:29:07.009Z</time>
      </trkpt>
      <trkpt lat="51.247638" lon="7.805411">
        <ele>212.624625</ele>
        <time>2026-05-16T19:29:15.762Z</time>
      </trkpt>
      <trkpt lat="51.247425" lon="7.805398">
        <ele>214.175086</ele>
        <time>2026-05-16T19:29:26.313Z</time>
      </trkpt>
      <trkpt lat="51.247075" lon="7.805494">
        <ele>216.244307</ele>
        <time>2026-05-16T19:29:42.005Z</time>
      </trkpt>
      <trkpt lat="51.246858" lon="7.805449">
        <ele>217.489804</ele>
        <time>2026-05-16T19:29:50.355Z</time>
      </trkpt>
      <trkpt lat="51.246692" lon="7.805369">
        <ele>218.476710</ele>
        <time>2026-05-16T19:29:56.937Z</time>
      </trkpt>
      <trkpt lat="51.246303" lon="7.805069">
        <ele>220.935347</ele>
        <time>2026-05-16T19:30:15.412Z</time>
      </trkpt>
      <trkpt lat="51.246102" lon="7.804685">
        <ele>222.718825</ele>
        <time>2026-05-16T19:30:30.625Z</time>
      </trkpt>
      <trkpt lat="51.246084" lon="7.804517">
        <ele>223.326110</ele>
        <time>2026-05-16T19:30:36.083Z</time>
      </trkpt>
      <trkpt lat="51.245841" lon="7.804317">
        <ele>225.018709</ele>
        <time>2026-05-16T19:30:51.545Z</time>
      </trkpt>
      <trkpt lat="51.245641" lon="7.804241">
        <ele>226.831350</ele>
        <time>2026-05-16T19:31:03.809Z</time>
      </trkpt>
      <trkpt lat="51.245489" lon="7.804235">
        <ele>228.171971</ele>
        <time>2026-05-16T19:31:13.124Z</time>
      </trkpt>
      <trkpt lat="51.245276" lon="7.804289">
        <ele>230.073533</ele>
        <time>2026-05-16T19:31:26.616Z</time>
      </trkpt>
      <trkpt lat="51.244784" lon="7.804605">
        <ele>234.749085</ele>
        <time>2026-05-16T19:32:01.743Z</time>
      </trkpt>
      <trkpt lat="51.244162" lon="7.805333">
        <ele>241.584219</ele>
        <time>2026-05-16T19:33:03.506Z</time>
      </trkpt>
      <trkpt lat="51.244063" lon="7.805416">
        <ele>242.603968</ele>
        <time>2026-05-16T19:33:12.229Z</time>
      </trkpt>
      <trkpt lat="51.243686" lon="7.805523">
        <ele>246.096314</ele>
        <time>2026-05-16T19:33:41.837Z</time>
      </trkpt>
      <trkpt lat="51.243463" lon="7.805749">
        <ele>248.505021</ele>
        <time>2026-05-16T19:34:02.496Z</time>
      </trkpt>
      <trkpt lat="51.242963" lon="7.806117">
        <ele>253.526133</ele>
        <time>2026-05-16T19:34:45.726Z</time>
      </trkpt>
      <trkpt lat="51.242664" lon="7.806385">
        <ele>256.653195</ele>
        <time>2026-05-16T19:35:12.639Z</time>
      </trkpt>
      <trkpt lat="51.242128" lon="7.806963">
        <ele>260.593824</ele>
        <time>2026-05-16T19:35:59.206Z</time>
      </trkpt>
      <trkpt lat="51.241995" lon="7.807076">
        <ele>261.492103</ele>
        <time>2026-05-16T19:36:08.800Z</time>
      </trkpt>
      <trkpt lat="51.241479" lon="7.807383">
        <ele>264.775491</ele>
        <time>2026-05-16T19:36:39.746Z</time>
      </trkpt>
      <trkpt lat="51.241124" lon="7.807690">
        <ele>267.182664</ele>
        <time>2026-05-16T19:37:00.515Z</time>
      </trkpt>
      <trkpt lat="51.240412" lon="7.808436">
        <ele>271.134847</ele>
        <time>2026-05-16T19:37:43.971Z</time>
      </trkpt>
      <trkpt lat="51.240133" lon="7.808559">
        <ele>272.441977</ele>
        <time>2026-05-16T19:37:58.709Z</time>
      </trkpt>
      <trkpt lat="51.240039" lon="7.808537">
        <ele>272.871032</ele>
        <time>2026-05-16T19:38:03.716Z</time>
      </trkpt>
      <trkpt lat="51.239954" lon="7.808437">
        <ele>273.347796</ele>
        <time>2026-05-16T19:38:09.505Z</time>
      </trkpt>
      <trkpt lat="51.239911" lon="7.808322">
        <ele>273.726525</ele>
        <time>2026-05-16T19:38:14.091Z</time>
      </trkpt>
      <trkpt lat="51.239798" lon="7.807519">
        <ele>276.120293</ele>
        <time>2026-05-16T19:38:45.549Z</time>
      </trkpt>
      <trkpt lat="51.239696" lon="7.807161">
        <ele>277.472878</ele>
        <time>2026-05-16T19:39:00.966Z</time>
      </trkpt>
      <trkpt lat="51.239539" lon="7.806791">
        <ele>279.009946</ele>
        <time>2026-05-16T19:39:18.157Z</time>
      </trkpt>
      <trkpt lat="51.239304" lon="7.806432">
        <ele>280.796074</ele>
        <time>2026-05-16T19:39:37.546Z</time>
      </trkpt>
      <trkpt lat="51.239140" lon="7.806233">
        <ele>281.927344</ele>
        <time>2026-05-16T19:39:49.898Z</time>
      </trkpt>
      <trkpt lat="51.238588" lon="7.805979">
        <ele>285.082656</ele>
        <time>2026-05-16T19:40:23.622Z</time>
      </trkpt>
      <trkpt lat="51.238403" lon="7.805684">
        <ele>286.552365</ele>
        <time>2026-05-16T19:40:38.185Z</time>
      </trkpt>
      <trkpt lat="51.237937" lon="7.805555">
        <ele>289.248464</ele>
        <time>2026-05-16T19:41:04.079Z</time>
      </trkpt>
      <trkpt lat="51.237777" lon="7.805256">
        <ele>290.652303</ele>
        <time>2026-05-16T19:41:18.504Z</time>
      </trkpt>
      <trkpt lat="51.237576" lon="7.804792">
        <ele>292.666128</ele>
        <time>2026-05-16T19:41:40.416Z</time>
      </trkpt>
      <trkpt lat="51.237314" lon="7.803938">
        <ele>296.116761</ele>
        <time>2026-05-16T19:42:18.195Z</time>
      </trkpt>
      <trkpt lat="51.236899" lon="7.802858">
        <ele>302.036199</ele>
        <time>2026-05-16T19:43:11.992Z</time>
      </trkpt>
      <trkpt lat="51.236582" lon="7.802221">
        <ele>305.837319</ele>
        <time>2026-05-16T19:43:47.872Z</time>
      </trkpt>
      <trkpt lat="51.236092" lon="7.801239">
        <ele>311.382286</ele>
        <time>2026-05-16T19:44:45.930Z</time>
      </trkpt>
      <trkpt lat="51.235487" lon="7.799485">
        <ele>319.488899</ele>
        <time>2026-05-16T19:46:09.547Z</time>
      </trkpt>
      <trkpt lat="51.235484" lon="7.799330">
        <ele>320.116665</ele>
        <time>2026-05-16T19:46:14.474Z</time>
      </trkpt>
      <trkpt lat="51.235534" lon="7.799247">
        <ele>320.582928</ele>
        <time>2026-05-16T19:46:18.119Z</time>
      </trkpt>
      <trkpt lat="51.235600" lon="7.799236">
        <ele>320.951532</ele>
        <time>2026-05-16T19:46:21.334Z</time>
      </trkpt>
      <trkpt lat="51.235666" lon="7.799332">
        <ele>321.118924</ele>
        <time>2026-05-16T19:46:25.623Z</time>
      </trkpt>
      <trkpt lat="51.235751" lon="7.799668">
        <ele>321.544391</ele>
        <time>2026-05-16T19:46:35.896Z</time>
      </trkpt>
      <trkpt lat="51.235816" lon="7.799804">
        <ele>321.745266</ele>
        <time>2026-05-16T19:46:40.495Z</time>
      </trkpt>
      <trkpt lat="51.236209" lon="7.800364">
        <ele>322.732856</ele>
        <time>2026-05-16T19:47:00.453Z</time>
      </trkpt>
      <trkpt lat="51.237382" lon="7.801570">
        <ele>325.422975</ele>
        <time>2026-05-16T19:47:51.318Z</time>
      </trkpt>
      <trkpt lat="51.237627" lon="7.802024">
        <ele>326.176451</ele>
        <time>2026-05-16T19:48:06.251Z</time>
      </trkpt>
      <trkpt lat="51.238105" lon="7.802608">
        <ele>327.384804</ele>
        <time>2026-05-16T19:48:31.746Z</time>
      </trkpt>
      <trkpt lat="51.238958" lon="7.803172">
        <ele>331.792636</ele>
        <time>2026-05-16T19:49:19.419Z</time>
      </trkpt>
      <trkpt lat="51.239412" lon="7.803268">
        <ele>334.481415</ele>
        <time>2026-05-16T19:49:48.117Z</time>
      </trkpt>
      <trkpt lat="51.239517" lon="7.803257">
        <ele>335.099216</ele>
        <time>2026-05-16T19:49:54.980Z</time>
      </trkpt>
      <trkpt lat="51.239576" lon="7.803216">
        <ele>335.476980</ele>
        <time>2026-05-16T19:49:59.361Z</time>
      </trkpt>
      <trkpt lat="51.239498" lon="7.803013">
        <ele>336.352481</ele>
        <time>2026-05-16T19:50:09.514Z</time>
      </trkpt>
      <trkpt lat="51.239049" lon="7.802714">
        <ele>339.439812</ele>
        <time>2026-05-16T19:50:44.623Z</time>
      </trkpt>
      <trkpt lat="51.238858" lon="7.802535">
        <ele>341.147694</ele>
        <time>2026-05-16T19:51:01.244Z</time>
      </trkpt>
      <trkpt lat="51.238723" lon="7.802301">
        <ele>342.684117</ele>
        <time>2026-05-16T19:51:16.509Z</time>
      </trkpt>
      <trkpt lat="51.238375" lon="7.801548">
        <ele>347.203256</ele>
        <time>2026-05-16T19:51:59.641Z</time>
      </trkpt>
      <trkpt lat="51.238279" lon="7.801256">
        <ele>348.795756</ele>
        <time>2026-05-16T19:52:14.215Z</time>
      </trkpt>
      <trkpt lat="51.237830" lon="7.800457">
        <ele>353.712154</ele>
        <time>2026-05-16T19:52:58.298Z</time>
      </trkpt>
      <trkpt lat="51.237450" lon="7.799516">
        <ele>358.234727</ele>
        <time>2026-05-16T19:53:40.977Z</time>
      </trkpt>
      <trkpt lat="51.237312" lon="7.799052">
        <ele>360.309477</ele>
        <time>2026-05-16T19:54:01.851Z</time>
      </trkpt>
      <trkpt lat="51.237287" lon="7.798621">
        <ele>362.057704</ele>
        <time>2026-05-16T19:54:19.564Z</time>
      </trkpt>
      <trkpt lat="51.237309" lon="7.798396">
        <ele>362.977475</ele>
        <time>2026-05-16T19:54:29.126Z</time>
      </trkpt>
      <trkpt lat="51.237474" lon="7.797857">
        <ele>364.900028</ele>
        <time>2026-05-16T19:54:54.498Z</time>
      </trkpt>
      <trkpt lat="51.237509" lon="7.797609">
        <ele>365.573457</ele>
        <time>2026-05-16T19:55:04.881Z</time>
      </trkpt>
      <trkpt lat="51.237065" lon="7.796849">
        <ele>368.327003</ele>
        <time>2026-05-16T19:55:34.250Z</time>
      </trkpt>
      <trkpt lat="51.236757" lon="7.796661">
        <ele>369.722057</ele>
        <time>2026-05-16T19:55:45.329Z</time>
      </trkpt>
      <trkpt lat="51.236282" lon="7.796501">
        <ele>371.603346</ele>
        <time>2026-05-16T19:55:58.578Z</time>
      </trkpt>
      <trkpt lat="51.236253" lon="7.796473">
        <ele>371.634335</ele>
        <time>2026-05-16T19:55:59.433Z</time>
      </trkpt>
      <trkpt lat="51.235969" lon="7.796195">
        <ele>371.938942</ele>
        <time>2026-05-16T19:56:07.751Z</time>
      </trkpt>
      <trkpt lat="51.235798" lon="7.795959">
        <ele>372.145610</ele>
        <time>2026-05-16T19:56:13.152Z</time>
      </trkpt>
      <trkpt lat="51.235316" lon="7.794912">
        <ele>372.889694</ele>
        <time>2026-05-16T19:56:32.751Z</time>
      </trkpt>
      <trkpt lat="51.235081" lon="7.794511">
        <ele>373.196959</ele>
        <time>2026-05-16T19:56:40.771Z</time>
      </trkpt>
      <trkpt lat="51.234627" lon="7.793909">
        <ele>372.660366</ele>
        <time>2026-05-16T19:56:51.113Z</time>
      </trkpt>
      <trkpt lat="51.234187" lon="7.793821">
        <ele>372.257122</ele>
        <time>2026-05-16T19:56:57.865Z</time>
      </trkpt>
      <trkpt lat="51.233505" lon="7.794106">
        <ele>371.616059</ele>
        <time>2026-05-16T19:57:09.200Z</time>
      </trkpt>
      <trkpt lat="51.233184" lon="7.793968">
        <ele>371.937192</ele>
        <time>2026-05-16T19:57:15.967Z</time>
      </trkpt>
      <trkpt lat="51.233028" lon="7.793707">
        <ele>372.241670</ele>
        <time>2026-05-16T19:57:21.155Z</time>
      </trkpt>
      <trkpt lat="51.232851" lon="7.793262">
        <ele>372.686541</ele>
        <time>2026-05-16T19:57:30.379Z</time>
      </trkpt>
      <trkpt lat="51.232778" lon="7.793223">
        <ele>372.790280</ele>
        <time>2026-05-16T19:57:32.926Z</time>
      </trkpt>
      <trkpt lat="51.232311" lon="7.793169">
        <ele>373.421289</ele>
        <time>2026-05-16T19:57:49.228Z</time>
      </trkpt>
      <trkpt lat="51.232146" lon="7.793451">
        <ele>373.746983</ele>
        <time>2026-05-16T19:57:57.099Z</time>
      </trkpt>
      <trkpt lat="51.232056" lon="7.793473">
        <ele>373.869685</ele>
        <time>2026-05-16T19:57:59.929Z</time>
      </trkpt>
      <trkpt lat="51.231614" lon="7.792666">
        <ele>373.494683</ele>
        <time>2026-05-16T19:58:13.818Z</time>
      </trkpt>
      <trkpt lat="51.231131" lon="7.791812">
        <ele>372.883672</ele>
        <time>2026-05-16T19:58:24.870Z</time>
      </trkpt>
      <trkpt lat="51.230975" lon="7.791518">
        <ele>372.679062</ele>
        <time>2026-05-16T19:58:28.576Z</time>
      </trkpt>
      <trkpt lat="51.230814" lon="7.791227">
        <ele>372.472883</ele>
        <time>2026-05-16T19:58:32.307Z</time>
      </trkpt>
      <trkpt lat="51.230635" lon="7.790996">
        <ele>372.799996</ele>
        <time>2026-05-16T19:58:36.054Z</time>
      </trkpt>
      <trkpt lat="51.230331" lon="7.790822">
        <ele>373.294795</ele>
        <time>2026-05-16T19:58:41.918Z</time>
      </trkpt>
      <trkpt lat="51.229638" lon="7.790613">
        <ele>374.375372</ele>
        <time>2026-05-16T19:59:02.242Z</time>
      </trkpt>
      <trkpt lat="51.228816" lon="7.790365">
        <ele>376.401988</ele>
        <time>2026-05-16T19:59:34.251Z</time>
      </trkpt>
      <trkpt lat="51.227956" lon="7.790159">
        <ele>380.003207</ele>
        <time>2026-05-16T20:00:09.302Z</time>
      </trkpt>
      <trkpt lat="51.227490" lon="7.790175">
        <ele>381.933422</ele>
        <time>2026-05-16T20:00:28.697Z</time>
      </trkpt>
      <trkpt lat="51.227255" lon="7.790224">
        <ele>382.929491</ele>
        <time>2026-05-16T20:00:38.549Z</time>
      </trkpt>
      <trkpt lat="51.226999" lon="7.790330">
        <ele>384.089662</ele>
        <time>2026-05-16T20:00:49.037Z</time>
      </trkpt>
      <trkpt lat="51.226197" lon="7.790849">
        <ele>387.885840</ele>
        <time>2026-05-16T20:01:22.095Z</time>
      </trkpt>
      <trkpt lat="51.225939" lon="7.790896">
        <ele>389.024985</ele>
        <time>2026-05-16T20:01:32.997Z</time>
      </trkpt>
      <trkpt lat="51.225664" lon="7.790809">
        <ele>390.254814</ele>
        <time>2026-05-16T20:01:45.258Z</time>
      </trkpt>
      <trkpt lat="51.225297" lon="7.790501">
        <ele>393.122588</ele>
        <time>2026-05-16T20:02:04.249Z</time>
      </trkpt>
      <trkpt lat="51.224990" lon="7.790235">
        <ele>395.715660</ele>
        <time>2026-05-16T20:02:21.642Z</time>
      </trkpt>
      <trkpt lat="51.224642" lon="7.789852">
        <ele>398.853425</ele>
        <time>2026-05-16T20:02:46.261Z</time>
      </trkpt>
      <trkpt lat="51.224397" lon="7.790180">
        <ele>401.227011</ele>
        <time>2026-05-16T20:03:10.485Z</time>
      </trkpt>
      <trkpt lat="51.223705" lon="7.791095">
        <ele>409.259786</ele>
        <time>2026-05-16T20:04:21.996Z</time>
      </trkpt>
      <trkpt lat="51.223311" lon="7.791526">
        <ele>414.017589</ele>
        <time>2026-05-16T20:05:01.281Z</time>
      </trkpt>
      <trkpt lat="51.222845" lon="7.793830">
        <ele>430.034247</ele>
        <time>2026-05-16T20:06:58.507Z</time>
      </trkpt>
      <trkpt lat="51.222646" lon="7.794413">
        <ele>434.694083</ele>
        <time>2026-05-16T20:07:33.134Z</time>
      </trkpt>
      <trkpt lat="51.222418" lon="7.795244">
        <ele>441.061323</ele>
        <time>2026-05-16T20:08:20.549Z</time>
      </trkpt>
      <trkpt lat="51.222515" lon="7.796433">
        <ele>449.372510</ele>
        <time>2026-05-16T20:09:27.060Z</time>
      </trkpt>
      <trkpt lat="51.222515" lon="7.796864">
        <ele>452.355378</ele>
        <time>2026-05-16T20:09:49.741Z</time>
      </trkpt>
      <trkpt lat="51.222403" lon="7.796972">
        <ele>453.801209</ele>
        <time>2026-05-16T20:09:59.688Z</time>
      </trkpt>
      <trkpt lat="51.222159" lon="7.797067">
        <ele>456.576499</ele>
        <time>2026-05-16T20:10:18.181Z</time>
      </trkpt>
      <trkpt lat="51.221863" lon="7.797388">
        <ele>460.530525</ele>
        <time>2026-05-16T20:10:42.806Z</time>
      </trkpt>
      <trkpt lat="51.221773" lon="7.797373">
        <ele>461.530460</ele>
        <time>2026-05-16T20:10:49.061Z</time>
      </trkpt>
      <trkpt lat="51.221660" lon="7.797219">
        <ele>462.922318</ele>
        <time>2026-05-16T20:10:58.955Z</time>
      </trkpt>
      <trkpt lat="51.221575" lon="7.797024">
        <ele>464.253354</ele>
        <time>2026-05-16T20:11:09.158Z</time>
      </trkpt>
      <trkpt lat="51.221503" lon="7.796733">
        <ele>466.006291</ele>
        <time>2026-05-16T20:11:22.415Z</time>
      </trkpt>
      <trkpt lat="51.221233" lon="7.796058">
        <ele>470.493451</ele>
        <time>2026-05-16T20:11:52.176Z</time>
      </trkpt>
      <trkpt lat="51.221087" lon="7.795530">
        <ele>473.727072</ele>
        <time>2026-05-16T20:12:13.055Z</time>
      </trkpt>
      <trkpt lat="51.220945" lon="7.795233">
        <ele>475.820455</ele>
        <time>2026-05-16T20:12:28.035Z</time>
      </trkpt>
      <trkpt lat="51.220765" lon="7.795011">
        <ele>477.855043</ele>
        <time>2026-05-16T20:12:43.824Z</time>
      </trkpt>
      <trkpt lat="51.220529" lon="7.794653">
        <ele>481.281826</ele>
        <time>2026-05-16T20:13:08.724Z</time>
      </trkpt>
      <trkpt lat="51.220504" lon="7.794614">
        <ele>481.651619</ele>
        <time>2026-05-16T20:13:11.420Z</time>
      </trkpt>
      <trkpt lat="51.219946" lon="7.793327">
        <ele>492.023933</ele>
        <time>2026-05-16T20:14:37.860Z</time>
      </trkpt>
      <trkpt lat="51.219907" lon="7.793290">
        <ele>492.503900</ele>
        <time>2026-05-16T20:14:41.996Z</time>
      </trkpt>
      <trkpt lat="51.219543" lon="7.792798">
        <ele>497.402957</ele>
        <time>2026-05-16T20:15:23.727Z</time>
      </trkpt>
      <trkpt lat="51.219430" lon="7.792534">
        <ele>498.976512</ele>
        <time>2026-05-16T20:15:40.072Z</time>
      </trkpt>
      <trkpt lat="51.217812" lon="7.790428">
        <ele>511.584201</ele>
        <time>2026-05-16T20:18:02.651Z</time>
      </trkpt>
      <trkpt lat="51.217386" lon="7.789694">
        <ele>512.130029</ele>
        <time>2026-05-16T20:18:24.372Z</time>
      </trkpt>
      <trkpt lat="51.216797" lon="7.788015">
        <ele>510.609462</ele>
        <time>2026-05-16T20:18:53.790Z</time>
      </trkpt>
      <trkpt lat="51.216808" lon="7.787692">
        <ele>509.882736</ele>
        <time>2026-05-16T20:18:58.691Z</time>
      </trkpt>
      <trkpt lat="51.216901" lon="7.787162">
        <ele>508.646196</ele>
        <time>2026-05-16T20:19:07.244Z</time>
      </trkpt>
      <trkpt lat="51.216397" lon="7.787290">
        <ele>506.815778</ele>
        <time>2026-05-16T20:19:20.487Z</time>
      </trkpt>
      <trkpt lat="51.215896" lon="7.787243">
        <ele>506.174276</ele>
        <time>2026-05-16T20:19:34.492Z</time>
      </trkpt>
      <trkpt lat="51.215403" lon="7.786862">
        <ele>506.089644</ele>
        <time>2026-05-16T20:19:51.911Z</time>
      </trkpt>
      <trkpt lat="51.214998" lon="7.786191">
        <ele>505.999455</ele>
        <time>2026-05-16T20:20:11.449Z</time>
      </trkpt>
      <trkpt lat="51.214742" lon="7.785767">
        <ele>505.917602</ele>
        <time>2026-05-16T20:20:25.000Z</time>
      </trkpt>
      <trkpt lat="51.214270" lon="7.784729">
        <ele>505.284055</ele>
        <time>2026-05-16T20:20:56.210Z</time>
      </trkpt>
      <trkpt lat="51.214078" lon="7.784108">
        <ele>504.941992</ele>
        <time>2026-05-16T20:21:09.236Z</time>
      </trkpt>
      <trkpt lat="51.213922" lon="7.784047">
        <ele>504.815347</ele>
        <time>2026-05-16T20:21:13.496Z</time>
      </trkpt>
      <trkpt lat="51.213724" lon="7.784055">
        <ele>504.659171</ele>
        <time>2026-05-16T20:21:18.664Z</time>
      </trkpt>
      <trkpt lat="51.213605" lon="7.784113">
        <ele>504.561061</ele>
        <time>2026-05-16T20:21:21.875Z</time>
      </trkpt>
      <trkpt lat="51.213220" lon="7.784248">
        <ele>502.249001</ele>
        <time>2026-05-16T20:21:31.505Z</time>
      </trkpt>
      <trkpt lat="51.212979" lon="7.784527">
        <ele>500.336519</ele>
        <time>2026-05-16T20:21:38.393Z</time>
      </trkpt>
      <trkpt lat="51.212855" lon="7.784408">
        <ele>499.407060</ele>
        <time>2026-05-16T20:21:41.655Z</time>
      </trkpt>
      <trkpt lat="51.212689" lon="7.784101">
        <ele>497.775014</ele>
        <time>2026-05-16T20:21:47.290Z</time>
      </trkpt>
      <trkpt lat="51.212320" lon="7.783586">
        <ele>494.626262</ele>
        <time>2026-05-16T20:21:58.053Z</time>
      </trkpt>
      <trkpt lat="51.211658" lon="7.782744">
        <ele>490.828287</ele>
        <time>2026-05-16T20:22:17.775Z</time>
      </trkpt>
      <trkpt lat="51.211414" lon="7.782534">
        <ele>489.818550</ele>
        <time>2026-05-16T20:22:24.650Z</time>
      </trkpt>
      <trkpt lat="51.211228" lon="7.782338">
        <ele>489.006723</ele>
        <time>2026-05-16T20:22:30.445Z</time>
      </trkpt>
      <trkpt lat="51.210988" lon="7.781779">
        <ele>487.460321</ele>
        <time>2026-05-16T20:22:42.259Z</time>
      </trkpt>
      <trkpt lat="51.210945" lon="7.781756">
        <ele>487.295132</ele>
        <time>2026-05-16T20:22:43.599Z</time>
      </trkpt>
      <trkpt lat="51.210878" lon="7.781778">
        <ele>487.045970</ele>
        <time>2026-05-16T20:22:45.668Z</time>
      </trkpt>
      <trkpt lat="51.210800" lon="7.781841">
        <ele>486.727550</ele>
        <time>2026-05-16T20:22:48.352Z</time>
      </trkpt>
      <trkpt lat="51.210518" lon="7.782298">
        <ele>486.429173</ele>
        <time>2026-05-16T20:23:00.960Z</time>
      </trkpt>
      <trkpt lat="51.209990" lon="7.782905">
        <ele>486.440103</ele>
        <time>2026-05-16T20:23:19.501Z</time>
      </trkpt>
      <trkpt lat="51.209803" lon="7.783182">
        <ele>486.444389</ele>
        <time>2026-05-16T20:23:26.643Z</time>
      </trkpt>
      <trkpt lat="51.209231" lon="7.784270">
        <ele>488.269908</ele>
        <time>2026-05-16T20:24:02.991Z</time>
      </trkpt>
      <trkpt lat="51.209227" lon="7.783521">
        <ele>490.971247</ele>
        <time>2026-05-16T20:24:30.278Z</time>
      </trkpt>
      <trkpt lat="51.209243" lon="7.783134">
        <ele>492.369983</ele>
        <time>2026-05-16T20:24:46.834Z</time>
      </trkpt>
      <trkpt lat="51.209313" lon="7.782712">
        <ele>493.944354</ele>
        <time>2026-05-16T20:25:07.058Z</time>
      </trkpt>
      <trkpt lat="51.209296" lon="7.782625">
        <ele>494.273024</ele>
        <time>2026-05-16T20:25:11.494Z</time>
      </trkpt>
      <trkpt lat="51.209246" lon="7.782602">
        <ele>494.572574</ele>
        <time>2026-05-16T20:25:15.559Z</time>
      </trkpt>
      <trkpt lat="51.209111" lon="7.782657">
        <ele>495.374646</ele>
        <time>2026-05-16T20:25:26.874Z</time>
      </trkpt>
      <trkpt lat="51.209013" lon="7.782638">
        <ele>495.942951</ele>
        <time>2026-05-16T20:25:34.431Z</time>
      </trkpt>
      <trkpt lat="51.208755" lon="7.782307">
        <ele>497.153922</ele>
        <time>2026-05-16T20:25:57.641Z</time>
      </trkpt>
      <trkpt lat="51.208441" lon="7.781386">
        <ele>498.410388</ele>
        <time>2026-05-16T20:26:32.761Z</time>
      </trkpt>
      <trkpt lat="51.208321" lon="7.780789">
        <ele>499.161692</ele>
        <time>2026-05-16T20:26:47.767Z</time>
      </trkpt>
      <trkpt lat="51.208245" lon="7.780129">
        <ele>499.965820</ele>
        <time>2026-05-16T20:27:00.309Z</time>
      </trkpt>
      <trkpt lat="51.207753" lon="7.780818">
        <ele>495.693878</ele>
        <time>2026-05-16T20:27:09.561Z</time>
      </trkpt>
      <trkpt lat="51.207611" lon="7.780625">
        <ele>494.017230</ele>
        <time>2026-05-16T20:27:13.667Z</time>
      </trkpt>
      <trkpt lat="51.207434" lon="7.780498">
        <ele>492.272659</ele>
        <time>2026-05-16T20:27:17.882Z</time>
      </trkpt>
      <trkpt lat="51.207361" lon="7.780479">
        <ele>491.607735</ele>
        <time>2026-05-16T20:27:19.454Z</time>
      </trkpt>
      <trkpt lat="51.206884" lon="7.780363">
        <ele>487.270112</ele>
        <time>2026-05-16T20:27:29.647Z</time>
      </trkpt>
      <trkpt lat="51.206717" lon="7.780289">
        <ele>485.712035</ele>
        <time>2026-05-16T20:27:33.237Z</time>
      </trkpt>
      <trkpt lat="51.206601" lon="7.780183">
        <ele>484.510412</ele>
        <time>2026-05-16T20:27:35.978Z</time>
      </trkpt>
      <trkpt lat="51.206325" lon="7.780320">
        <ele>481.600837</ele>
        <time>2026-05-16T20:27:41.884Z</time>
      </trkpt>
      <trkpt lat="51.206100" lon="7.780704">
        <ele>478.214386</ele>
        <time>2026-05-16T20:27:48.606Z</time>
      </trkpt>
      <trkpt lat="51.205928" lon="7.780832">
        <ele>476.263364</ele>
        <time>2026-05-16T20:27:52.518Z</time>
      </trkpt>
      <trkpt lat="51.205460" lon="7.779767">
        <ele>467.884520</ele>
        <time>2026-05-16T20:28:02.849Z</time>
      </trkpt>
      <trkpt lat="51.205187" lon="7.779182">
        <ele>465.666410</ele>
        <time>2026-05-16T20:28:09.296Z</time>
      </trkpt>
      <trkpt lat="51.205395" lon="7.779260">
        <ele>465.738108</ele>
        <time>2026-05-16T20:28:15.034Z</time>
      </trkpt>
      <trkpt lat="51.205474" lon="7.779253">
        <ele>465.764658</ele>
        <time>2026-05-16T20:28:17.200Z</time>
      </trkpt>
      <trkpt lat="51.205658" lon="7.779130">
        <ele>465.831598</ele>
        <time>2026-05-16T20:28:23.278Z</time>
      </trkpt>
      <trkpt lat="51.206166" lon="7.778518">
        <ele>466.045172</ele>
        <time>2026-05-16T20:28:50.961Z</time>
      </trkpt>
      <trkpt lat="51.206219" lon="7.778340">
        <ele>466.086605</ele>
        <time>2026-05-16T20:28:57.563Z</time>
      </trkpt>
      <trkpt lat="51.206309" lon="7.778042">
        <ele>466.156155</ele>
        <time>2026-05-16T20:29:08.513Z</time>
      </trkpt>
      <trkpt lat="51.206362" lon="7.777565">
        <ele>467.297380</ele>
        <time>2026-05-16T20:29:25.265Z</time>
      </trkpt>
      <trkpt lat="51.206584" lon="7.776837">
        <ele>470.130725</ele>
        <time>2026-05-16T20:29:55.109Z</time>
      </trkpt>
      <trkpt lat="51.206716" lon="7.776200">
        <ele>472.478632</ele>
        <time>2026-05-16T20:30:21.084Z</time>
      </trkpt>
      <trkpt lat="51.206797" lon="7.775968">
        <ele>473.408052</ele>
        <time>2026-05-16T20:30:31.528Z</time>
      </trkpt>
      <trkpt lat="51.207171" lon="7.775407">
        <ele>476.239757</ele>
        <time>2026-05-16T20:31:04.778Z</time>
      </trkpt>
      <trkpt lat="51.207307" lon="7.775128">
        <ele>476.298419</ele>
        <time>2026-05-16T20:31:19.189Z</time>
      </trkpt>
      <trkpt lat="51.207353" lon="7.774792">
        <ele>476.355493</ele>
        <time>2026-05-16T20:31:32.116Z</time>
      </trkpt>
      <trkpt lat="51.207416" lon="7.774440">
        <ele>476.416242</ele>
        <time>2026-05-16T20:31:44.494Z</time>
      </trkpt>
      <trkpt lat="51.207559" lon="7.773399">
        <ele>476.593094</ele>
        <time>2026-05-16T20:32:06.517Z</time>
      </trkpt>
      <trkpt lat="51.207842" lon="7.773129">
        <ele>476.680424</ele>
        <time>2026-05-16T20:32:14.676Z</time>
      </trkpt>
      <trkpt lat="51.208057" lon="7.772681">
        <ele>474.029759</ele>
        <time>2026-05-16T20:32:22.598Z</time>
      </trkpt>
      <trkpt lat="51.208102" lon="7.772337">
        <ele>471.404741</ele>
        <time>2026-05-16T20:32:27.320Z</time>
      </trkpt>
      <trkpt lat="51.208072" lon="7.771975">
        <ele>468.677131</ele>
        <time>2026-05-16T20:32:32.083Z</time>
      </trkpt>
      <trkpt lat="51.207798" lon="7.771496">
        <ele>463.832012</ele>
        <time>2026-05-16T20:32:40.371Z</time>
      </trkpt>
      <trkpt lat="51.207460" lon="7.770455">
        <ele>455.034992</ele>
        <time>2026-05-16T20:32:55.344Z</time>
      </trkpt>
      <trkpt lat="51.207323" lon="7.770163">
        <ele>451.770530</ele>
        <time>2026-05-16T20:32:59.987Z</time>
      </trkpt>
      <trkpt lat="51.207287" lon="7.770023">
        <ele>450.416316</ele>
        <time>2026-05-16T20:33:01.916Z</time>
      </trkpt>
      <trkpt lat="51.207032" lon="7.769699">
        <ele>445.760992</ele>
        <time>2026-05-16T20:33:08.518Z</time>
      </trkpt>
      <trkpt lat="51.206690" lon="7.769382">
        <ele>440.112185</ele>
        <time>2026-05-16T20:33:16.546Z</time>
      </trkpt>
      <trkpt lat="51.206465" lon="7.769174">
        <ele>436.398339</ele>
        <time>2026-05-16T20:33:21.830Z</time>
      </trkpt>
      <trkpt lat="51.205988" lon="7.768923">
        <ele>429.282332</ele>
        <time>2026-05-16T20:33:32.074Z</time>
      </trkpt>
      <trkpt lat="51.205822" lon="7.768926">
        <ele>427.298518</ele>
        <time>2026-05-16T20:33:35.446Z</time>
      </trkpt>
      <trkpt lat="51.205658" lon="7.769020">
        <ele>425.216198</ele>
        <time>2026-05-16T20:33:39.013Z</time>
      </trkpt>
      <trkpt lat="51.205458" lon="7.769212">
        <ele>422.427216</ele>
        <time>2026-05-16T20:33:43.802Z</time>
      </trkpt>
      <trkpt lat="51.204836" lon="7.769523">
        <ele>414.638184</ele>
        <time>2026-05-16T20:33:57.477Z</time>
      </trkpt>
      <trkpt lat="51.204625" lon="7.769734">
        <ele>411.662731</ele>
        <time>2026-05-16T20:34:02.806Z</time>
      </trkpt>
      <trkpt lat="51.204400" lon="7.769908">
        <ele>408.675012</ele>
        <time>2026-05-16T20:34:08.216Z</time>
      </trkpt>
      <trkpt lat="51.204131" lon="7.770140">
        <ele>404.974828</ele>
        <time>2026-05-16T20:34:14.782Z</time>
      </trkpt>
      <trkpt lat="51.203382" lon="7.770455">
        <ele>395.578758</ele>
        <time>2026-05-16T20:34:31.008Z</time>
      </trkpt>
      <trkpt lat="51.203127" lon="7.770447">
        <ele>392.484820</ele>
        <time>2026-05-16T20:34:36.194Z</time>
      </trkpt>
      <trkpt lat="51.202603" lon="7.770357">
        <ele>386.126635</ele>
        <time>2026-05-16T20:34:46.944Z</time>
      </trkpt>
      <trkpt lat="51.202133" lon="7.770007">
        <ele>381.099245</ele>
        <time>2026-05-16T20:34:57.759Z</time>
      </trkpt>
      <trkpt lat="51.202012" lon="7.770043">
        <ele>379.906147</ele>
        <time>2026-05-16T20:35:00.383Z</time>
      </trkpt>
      <trkpt lat="51.201730" lon="7.770596">
        <ele>375.575667</ele>
        <time>2026-05-16T20:35:10.109Z</time>
      </trkpt>
      <trkpt lat="51.201462" lon="7.771006">
        <ele>371.977096</ele>
        <time>2026-05-16T20:35:18.472Z</time>
      </trkpt>
      <trkpt lat="51.201169" lon="7.771530">
        <ele>367.787667</ele>
        <time>2026-05-16T20:35:28.652Z</time>
      </trkpt>
      <trkpt lat="51.200615" lon="7.772152">
        <ele>361.668595</ele>
        <time>2026-05-16T20:35:43.641Z</time>
      </trkpt>
      <trkpt lat="51.200072" lon="7.773011">
        <ele>354.761708</ele>
        <time>2026-05-16T20:36:00.040Z</time>
      </trkpt>
      <trkpt lat="51.199950" lon="7.773136">
        <ele>353.452006</ele>
        <time>2026-05-16T20:36:03.119Z</time>
      </trkpt>
      <trkpt lat="51.199767" lon="7.773326">
        <ele>351.711793</ele>
        <time>2026-05-16T20:36:07.779Z</time>
      </trkpt>
      <trkpt lat="51.199390" lon="7.773488">
        <ele>348.926793</ele>
        <time>2026-05-16T20:36:16.144Z</time>
      </trkpt>
      <trkpt lat="51.199273" lon="7.773586">
        <ele>347.984239</ele>
        <time>2026-05-16T20:36:19.064Z</time>
      </trkpt>
      <trkpt lat="51.198564" lon="7.774491">
        <ele>341.508039</ele>
        <time>2026-05-16T20:36:40.047Z</time>
      </trkpt>
      <trkpt lat="51.198442" lon="7.774213">
        <ele>339.990992</ele>
        <time>2026-05-16T20:36:45.181Z</time>
      </trkpt>
      <trkpt lat="51.198317" lon="7.774087">
        <ele>339.625952</ele>
        <time>2026-05-16T20:36:48.822Z</time>
      </trkpt>
      <trkpt lat="51.197857" lon="7.773957">
        <ele>339.109131</ele>
        <time>2026-05-16T20:37:01.192Z</time>
      </trkpt>
      <trkpt lat="51.197690" lon="7.773860">
        <ele>338.912520</ele>
        <time>2026-05-16T20:37:06.385Z</time>
      </trkpt>
      <trkpt lat="51.197546" lon="7.773647">
        <ele>338.695302</ele>
        <time>2026-05-16T20:37:12.632Z</time>
      </trkpt>
      <trkpt lat="51.197250" lon="7.773028">
        <ele>338.155501</ele>
        <time>2026-05-16T20:37:28.075Z</time>
      </trkpt>
      <trkpt lat="51.197191" lon="7.772996">
        <ele>338.086562</ele>
        <time>2026-05-16T20:37:30.216Z</time>
      </trkpt>
      <trkpt lat="51.197134" lon="7.772987">
        <ele>338.023194</ele>
        <time>2026-05-16T20:37:32.201Z</time>
      </trkpt>
      <trkpt lat="51.196403" lon="7.772874">
        <ele>338.468736</ele>
        <time>2026-05-16T20:38:00.563Z</time>
      </trkpt>
      <trkpt lat="51.196269" lon="7.772889">
        <ele>338.658828</ele>
        <time>2026-05-16T20:38:06.028Z</time>
      </trkpt>
      <trkpt lat="51.196107" lon="7.772972">
        <ele>338.899605</ele>
        <time>2026-05-16T20:38:12.931Z</time>
      </trkpt>
      <trkpt lat="51.195284" lon="7.773760">
        <ele>340.257812</ele>
        <time>2026-05-16T20:38:50.727Z</time>
      </trkpt>
      <trkpt lat="51.195047" lon="7.774069">
        <ele>340.920753</ele>
        <time>2026-05-16T20:39:02.539Z</time>
      </trkpt>
      <trkpt lat="51.194693" lon="7.774444">
        <ele>341.882953</ele>
        <time>2026-05-16T20:39:19.107Z</time>
      </trkpt>
      <trkpt lat="51.194476" lon="7.774596">
        <ele>342.419613</ele>
        <time>2026-05-16T20:39:28.767Z</time>
      </trkpt>
      <trkpt lat="51.193923" lon="7.774812">
        <ele>343.708863</ele>
        <time>2026-05-16T20:39:54.393Z</time>
      </trkpt>
      <trkpt lat="51.193769" lon="7.774732">
        <ele>344.075614</ele>
        <time>2026-05-16T20:40:02.263Z</time>
      </trkpt>
      <trkpt lat="51.193610" lon="7.774559">
        <ele>344.566012</ele>
        <time>2026-05-16T20:40:11.830Z</time>
      </trkpt>
      <trkpt lat="51.193071" lon="7.773790">
        <ele>346.889070</ele>
        <time>2026-05-16T20:40:48.119Z</time>
      </trkpt>
      <trkpt lat="51.193003" lon="7.773829">
        <ele>347.121235</ele>
        <time>2026-05-16T20:40:50.726Z</time>
      </trkpt>
      <trkpt lat="51.192634" lon="7.773723">
        <ele>348.325868</ele>
        <time>2026-05-16T20:41:03.401Z</time>
      </trkpt>
      <trkpt lat="51.192367" lon="7.773738">
        <ele>349.184255</ele>
        <time>2026-05-16T20:41:12.557Z</time>
      </trkpt>
      <trkpt lat="51.192262" lon="7.773785">
        <ele>349.534636</ele>
        <time>2026-05-16T20:41:16.304Z</time>
      </trkpt>
      <trkpt lat="51.192123" lon="7.773919">
        <ele>350.056415</ele>
        <time>2026-05-16T20:41:21.969Z</time>
      </trkpt>
      <trkpt lat="51.191820" lon="7.774386">
        <ele>352.448524</ele>
        <time>2026-05-16T20:41:37.196Z</time>
      </trkpt>
      <trkpt lat="51.191752" lon="7.774147">
        <ele>353.416199</ele>
        <time>2026-05-16T20:41:43.541Z</time>
      </trkpt>
      <trkpt lat="51.191671" lon="7.773970">
        <ele>354.224199</ele>
        <time>2026-05-16T20:41:49.164Z</time>
      </trkpt>
      <trkpt lat="51.191452" lon="7.773404">
        <ele>356.676538</ele>
        <time>2026-05-16T20:42:08.530Z</time>
      </trkpt>
      <trkpt lat="51.191396" lon="7.772959">
        <ele>358.349886</ele>
        <time>2026-05-16T20:42:24.060Z</time>
      </trkpt>
      <trkpt lat="51.191415" lon="7.772724">
        <ele>359.223451</ele>
        <time>2026-05-16T20:42:33.164Z</time>
      </trkpt>
      <trkpt lat="51.191461" lon="7.772376">
        <ele>360.534664</ele>
        <time>2026-05-16T20:42:47.611Z</time>
      </trkpt>
      <trkpt lat="51.191454" lon="7.771997">
        <ele>362.729910</ele>
        <time>2026-05-16T20:43:03.480Z</time>
      </trkpt>
      <trkpt lat="51.191420" lon="7.771471">
        <ele>365.983646</ele>
        <time>2026-05-16T20:43:26.618Z</time>
      </trkpt>
      <trkpt lat="51.191360" lon="7.771095">
        <ele>368.371058</ele>
        <time>2026-05-16T20:43:44.098Z</time>
      </trkpt>
      <trkpt lat="51.191273" lon="7.770913">
        <ele>369.779510</ele>
        <time>2026-05-16T20:43:54.475Z</time>
      </trkpt>
      <trkpt lat="51.190926" lon="7.770528">
        <ele>373.929065</ele>
        <time>2026-05-16T20:44:24.638Z</time>
      </trkpt>
      <trkpt lat="51.190820" lon="7.770370">
        <ele>375.353243</ele>
        <time>2026-05-16T20:44:34.950Z</time>
      </trkpt>
      <trkpt lat="51.190719" lon="7.770184">
        <ele>376.867577</ele>
        <time>2026-05-16T20:44:45.900Z</time>
      </trkpt>
      <trkpt lat="51.190569" lon="7.769775">
        <ele>379.311979</ele>
        <time>2026-05-16T20:45:06.243Z</time>
      </trkpt>
      <trkpt lat="51.190455" lon="7.769406">
        <ele>380.980769</ele>
        <time>2026-05-16T20:45:23.149Z</time>
      </trkpt>
      <trkpt lat="51.190168" lon="7.768800">
        <ele>384.061872</ele>
        <time>2026-05-16T20:45:50.661Z</time>
      </trkpt>
      <trkpt lat="51.190086" lon="7.768656">
        <ele>384.851098</ele>
        <time>2026-05-16T20:45:56.748Z</time>
      </trkpt>
      <trkpt lat="51.189822" lon="7.768190">
        <ele>387.399209</ele>
        <time>2026-05-16T20:46:14.977Z</time>
      </trkpt>
      <trkpt lat="51.189622" lon="7.767887">
        <ele>389.184242</ele>
        <time>2026-05-16T20:46:26.650Z</time>
      </trkpt>
      <trkpt lat="51.189268" lon="7.767434">
        <ele>390.835506</ele>
        <time>2026-05-16T20:46:42.931Z</time>
      </trkpt>
      <trkpt lat="51.188675" lon="7.766980">
        <ele>392.461116</ele>
        <time>2026-05-16T20:47:03.639Z</time>
      </trkpt>
      <trkpt lat="51.188509" lon="7.766803">
        <ele>392.954573</ele>
        <time>2026-05-16T20:47:09.897Z</time>
      </trkpt>
      <trkpt lat="51.188442" lon="7.766665">
        <ele>393.224977</ele>
        <time>2026-05-16T20:47:13.444Z</time>
      </trkpt>
      <trkpt lat="51.187918" lon="7.764593">
        <ele>395.487133</ele>
        <time>2026-05-16T20:47:54.311Z</time>
      </trkpt>
      <trkpt lat="51.187556" lon="7.764725">
        <ele>395.904624</ele>
        <time>2026-05-16T20:48:08.544Z</time>
      </trkpt>
      <trkpt lat="51.187519" lon="7.762843">
        <ele>394.894634</ele>
        <time>2026-05-16T20:48:46.401Z</time>
      </trkpt>
      <trkpt lat="51.187371" lon="7.762342">
        <ele>394.022889</ele>
        <time>2026-05-16T20:48:51.928Z</time>
      </trkpt>
      <trkpt lat="51.187045" lon="7.762636">
        <ele>393.082507</ele>
        <time>2026-05-16T20:49:01.351Z</time>
      </trkpt>
      <trkpt lat="51.186861" lon="7.762777">
        <ele>392.569914</ele>
        <time>2026-05-16T20:49:06.323Z</time>
      </trkpt>
      <trkpt lat="51.186513" lon="7.763041">
        <ele>391.335455</ele>
        <time>2026-05-16T20:49:15.416Z</time>
      </trkpt>
      <trkpt lat="51.185465" lon="7.763955">
        <ele>386.283287</ele>
        <time>2026-05-16T20:49:44.002Z</time>
      </trkpt>
      <trkpt lat="51.185294" lon="7.763958">
        <ele>385.559913</ele>
        <time>2026-05-16T20:49:48.470Z</time>
      </trkpt>
      <trkpt lat="51.184750" lon="7.763576">
        <ele>384.130371</ele>
        <time>2026-05-16T20:50:04.916Z</time>
      </trkpt>
      <trkpt lat="51.184664" lon="7.763484">
        <ele>384.047416</ele>
        <time>2026-05-16T20:50:07.971Z</time>
      </trkpt>
      <trkpt lat="51.184564" lon="7.763100">
        <ele>383.838602</ele>
        <time>2026-05-16T20:50:16.013Z</time>
      </trkpt>
      <trkpt lat="51.184446" lon="7.762953">
        <ele>383.718659</ele>
        <time>2026-05-16T20:50:20.745Z</time>
      </trkpt>
      <trkpt lat="51.184297" lon="7.762960">
        <ele>383.599236</ele>
        <time>2026-05-16T20:50:25.474Z</time>
      </trkpt>
      <trkpt lat="51.184045" lon="7.763342">
        <ele>383.320742</ele>
        <time>2026-05-16T20:50:36.298Z</time>
      </trkpt>
      <trkpt lat="51.183957" lon="7.763397">
        <ele>383.245023</ele>
        <time>2026-05-16T20:50:39.202Z</time>
      </trkpt>
      <trkpt lat="51.183664" lon="7.763430">
        <ele>383.009702</ele>
        <time>2026-05-16T20:50:44.756Z</time>
      </trkpt>
      <trkpt lat="51.182561" lon="7.763558">
        <ele>382.347970</ele>
        <time>2026-05-16T20:51:05.613Z</time>
      </trkpt>
      <trkpt lat="51.181865" lon="7.763634">
        <ele>381.942094</ele>
        <time>2026-05-16T20:51:18.786Z</time>
      </trkpt>
      <trkpt lat="51.181702" lon="7.763666">
        <ele>381.663071</ele>
        <time>2026-05-16T20:51:21.880Z</time>
      </trkpt>
      <trkpt lat="51.181108" lon="7.763766">
        <ele>380.035780</ele>
        <time>2026-05-16T20:51:32.481Z</time>
      </trkpt>
      <trkpt lat="51.180679" lon="7.764005">
        <ele>378.797781</ele>
        <time>2026-05-16T20:51:39.617Z</time>
      </trkpt>
      <trkpt lat="51.180507" lon="7.764197">
        <ele>378.225847</ele>
        <time>2026-05-16T20:51:42.741Z</time>
      </trkpt>
      <trkpt lat="51.180276" lon="7.764455">
        <ele>377.457588</ele>
        <time>2026-05-16T20:51:46.834Z</time>
      </trkpt>
      <trkpt lat="51.179889" lon="7.764977">
        <ele>375.332255</ele>
        <time>2026-05-16T20:51:53.973Z</time>
      </trkpt>
      <trkpt lat="51.179010" lon="7.766415">
        <ele>369.123534</ele>
        <time>2026-05-16T20:52:11.662Z</time>
      </trkpt>
      <trkpt lat="51.178122" lon="7.767641">
        <ele>365.056164</ele>
        <time>2026-05-16T20:52:29.086Z</time>
      </trkpt>
      <trkpt lat="51.177770" lon="7.768362">
        <ele>363.246902</ele>
        <time>2026-05-16T20:52:38.139Z</time>
      </trkpt>
      <trkpt lat="51.177660" lon="7.768578">
        <ele>362.695937</ele>
        <time>2026-05-16T20:52:40.926Z</time>
      </trkpt>
      <trkpt lat="51.177435" lon="7.768677">
        <ele>363.042815</ele>
        <time>2026-05-16T20:52:44.666Z</time>
      </trkpt>
      <trkpt lat="51.177383" lon="7.768607">
        <ele>363.305717</ele>
        <time>2026-05-16T20:52:45.765Z</time>
      </trkpt>
      <trkpt lat="51.177315" lon="7.768600">
        <ele>363.569000</ele>
        <time>2026-05-16T20:52:46.863Z</time>
      </trkpt>
      <trkpt lat="51.177243" lon="7.768692">
        <ele>363.925443</ele>
        <time>2026-05-16T20:52:48.458Z</time>
      </trkpt>
      <trkpt lat="51.177147" lon="7.768691">
        <ele>364.296374</ele>
        <time>2026-05-16T20:52:50.307Z</time>
      </trkpt>
      <trkpt lat="51.177061" lon="7.768739">
        <ele>364.648413</ele>
        <time>2026-05-16T20:52:52.382Z</time>
      </trkpt>
      <trkpt lat="51.176989" lon="7.768879">
        <ele>365.087038</ele>
        <time>2026-05-16T20:52:55.427Z</time>
      </trkpt>
      <trkpt lat="51.176913" lon="7.769049">
        <ele>365.592801</ele>
        <time>2026-05-16T20:52:59.648Z</time>
      </trkpt>
      <trkpt lat="51.176774" lon="7.769660">
        <ele>367.167243</ele>
        <time>2026-05-16T20:53:18.958Z</time>
      </trkpt>
      <trkpt lat="51.176693" lon="7.769618">
        <ele>367.496330</ele>
        <time>2026-05-16T20:53:24.159Z</time>
      </trkpt>
      <trkpt lat="51.176530" lon="7.769390">
        <ele>368.333980</ele>
        <time>2026-05-16T20:53:37.956Z</time>
      </trkpt>
      <trkpt lat="51.176294" lon="7.769056">
        <ele>369.639368</ele>
        <time>2026-05-16T20:53:58.405Z</time>
      </trkpt>
      <trkpt lat="51.176156" lon="7.768909">
        <ele>370.632995</ele>
        <time>2026-05-16T20:54:09.275Z</time>
      </trkpt>
      <trkpt lat="51.176015" lon="7.768886">
        <ele>371.481671</ele>
        <time>2026-05-16T20:54:18.837Z</time>
      </trkpt>
      <trkpt lat="51.175946" lon="7.768916">
        <ele>371.909900</ele>
        <time>2026-05-16T20:54:23.899Z</time>
      </trkpt>
      <trkpt lat="51.175638" lon="7.769188">
        <ele>374.017921</ele>
        <time>2026-05-16T20:54:48.677Z</time>
      </trkpt>
      <trkpt lat="51.175490" lon="7.769256">
        <ele>374.940141</ele>
        <time>2026-05-16T20:54:58.966Z</time>
      </trkpt>
      <trkpt lat="51.175445" lon="7.769274">
        <ele>375.217933</ele>
        <time>2026-05-16T20:55:01.755Z</time>
      </trkpt>
      <trkpt lat="51.175434" lon="7.769281">
        <ele>375.288847</ele>
        <time>2026-05-16T20:55:02.486Z</time>
      </trkpt>
      <trkpt lat="51.175350" lon="7.769357">
        <ele>375.867100</ele>
        <time>2026-05-16T20:55:08.598Z</time>
      </trkpt>
      <trkpt lat="51.175283" lon="7.769471">
        <ele>376.453689</ele>
        <time>2026-05-16T20:55:13.942Z</time>
      </trkpt>
      <trkpt lat="51.175136" lon="7.769977">
        <ele>378.547222</ele>
        <time>2026-05-16T20:55:29.183Z</time>
      </trkpt>
      <trkpt lat="51.174786" lon="7.770771">
        <ele>378.599629</ele>
        <time>2026-05-16T20:55:38.887Z</time>
      </trkpt>
      <trkpt lat="51.174765" lon="7.770820">
        <ele>378.427318</ele>
        <time>2026-05-16T20:55:39.397Z</time>
      </trkpt>
      <trkpt lat="51.174501" lon="7.771530">
        <ele>376.030884</ele>
        <time>2026-05-16T20:55:46.179Z</time>
      </trkpt>
      <trkpt lat="51.174466" lon="7.771899">
        <ele>374.947451</ele>
        <time>2026-05-16T20:55:49.158Z</time>
      </trkpt>
      <trkpt lat="51.174300" lon="7.772532">
        <ele>372.955504</ele>
        <time>2026-05-16T20:55:54.557Z</time>
      </trkpt>
      <trkpt lat="51.174197" lon="7.773046">
        <ele>371.712051</ele>
        <time>2026-05-16T20:55:58.813Z</time>
      </trkpt>
      <trkpt lat="51.174060" lon="7.774282">
        <ele>370.695168</ele>
        <time>2026-05-16T20:56:09.700Z</time>
      </trkpt>
      <trkpt lat="51.174019" lon="7.774877">
        <ele>370.210221</ele>
        <time>2026-05-16T20:56:16.268Z</time>
      </trkpt>
      <trkpt lat="51.173843" lon="7.775793">
        <ele>369.991284</ele>
        <time>2026-05-16T20:56:35.860Z</time>
      </trkpt>
      <trkpt lat="51.173770" lon="7.775899">
        <ele>370.765172</ele>
        <time>2026-05-16T20:56:40.619Z</time>
      </trkpt>
      <trkpt lat="51.173762" lon="7.776361">
        <ele>373.036712</ele>
        <time>2026-05-16T20:56:55.681Z</time>
      </trkpt>
      <trkpt lat="51.173713" lon="7.776453">
        <ele>373.630014</ele>
        <time>2026-05-16T20:56:59.756Z</time>
      </trkpt>
      <trkpt lat="51.173539" lon="7.776608">
        <ele>375.192356</ele>
        <time>2026-05-16T20:57:11.742Z</time>
      </trkpt>
      <trkpt lat="51.173067" lon="7.776925">
        <ele>379.207114</ele>
        <time>2026-05-16T20:57:45.054Z</time>
      </trkpt>
      <trkpt lat="51.172945" lon="7.777071">
        <ele>380.402772</ele>
        <time>2026-05-16T20:57:55.508Z</time>
      </trkpt>
      <trkpt lat="51.172853" lon="7.777183">
        <ele>381.310057</ele>
        <time>2026-05-16T20:58:03.771Z</time>
      </trkpt>
      <trkpt lat="51.172569" lon="7.778411">
        <ele>388.264728</ele>
        <time>2026-05-16T20:59:03.753Z</time>
      </trkpt>
      <trkpt lat="51.172381" lon="7.778786">
        <ele>390.922618</ele>
        <time>2026-05-16T20:59:24.009Z</time>
      </trkpt>
      <trkpt lat="51.172238" lon="7.778976">
        <ele>392.565872</ele>
        <time>2026-05-16T20:59:36.133Z</time>
      </trkpt>
      <trkpt lat="51.172090" lon="7.779025">
        <ele>393.900433</ele>
        <time>2026-05-16T20:59:46.001Z</time>
      </trkpt>
      <trkpt lat="51.171956" lon="7.778992">
        <ele>395.097550</ele>
        <time>2026-05-16T20:59:54.824Z</time>
      </trkpt>
      <trkpt lat="51.169937" lon="7.779601">
        <ele>408.507949</ele>
        <time>2026-05-16T21:01:47.009Z</time>
      </trkpt>
      <trkpt lat="51.169359" lon="7.780004">
        <ele>410.665779</ele>
        <time>2026-05-16T21:02:04.957Z</time>
      </trkpt>
      <trkpt lat="51.169111" lon="7.780100">
        <ele>411.163108</ele>
        <time>2026-05-16T21:02:10.746Z</time>
      </trkpt>
      <trkpt lat="51.168936" lon="7.780129">
        <ele>411.505979</ele>
        <time>2026-05-16T21:02:14.376Z</time>
      </trkpt>
      <trkpt lat="51.168475" lon="7.779954">
        <ele>412.429463</ele>
        <time>2026-05-16T21:02:24.235Z</time>
      </trkpt>
      <trkpt lat="51.167599" lon="7.779480">
        <ele>415.900128</ele>
        <time>2026-05-16T21:02:57.457Z</time>
      </trkpt>
      <trkpt lat="51.167450" lon="7.779357">
        <ele>416.892549</ele>
        <time>2026-05-16T21:03:06.162Z</time>
      </trkpt>
      <trkpt lat="51.167143" lon="7.779003">
        <ele>419.133433</ele>
        <time>2026-05-16T21:03:26.680Z</time>
      </trkpt>
      <trkpt lat="51.167056" lon="7.778852">
        <ele>419.894026</ele>
        <time>2026-05-16T21:03:33.610Z</time>
      </trkpt>
      <trkpt lat="51.167016" lon="7.778605">
        <ele>420.840223</ele>
        <time>2026-05-16T21:03:42.247Z</time>
      </trkpt>
      <trkpt lat="51.166964" lon="7.778238">
        <ele>422.235768</ele>
        <time>2026-05-16T21:03:55.629Z</time>
      </trkpt>
      <trkpt lat="51.166753" lon="7.777943">
        <ele>423.895566</ele>
        <time>2026-05-16T21:04:12.057Z</time>
      </trkpt>
      <trkpt lat="51.166329" lon="7.777522">
        <ele>427.248765</ele>
        <time>2026-05-16T21:04:41.354Z</time>
      </trkpt>
      <trkpt lat="51.166006" lon="7.777422">
        <ele>429.472394</ele>
        <time>2026-05-16T21:05:00.222Z</time>
      </trkpt>
      <trkpt lat="51.165809" lon="7.777476">
        <ele>430.823268</ele>
        <time>2026-05-16T21:05:11.222Z</time>
      </trkpt>
      <trkpt lat="51.165752" lon="7.777519">
        <ele>431.249408</ele>
        <time>2026-05-16T21:05:14.649Z</time>
      </trkpt>
      <trkpt lat="51.165579" lon="7.777649">
        <ele>432.541860</ele>
        <time>2026-05-16T21:05:25.342Z</time>
      </trkpt>
      <trkpt lat="51.165445" lon="7.777677">
        <ele>433.455190</ele>
        <time>2026-05-16T21:05:33.134Z</time>
      </trkpt>
      <trkpt lat="51.165357" lon="7.777656">
        <ele>434.056526</ele>
        <time>2026-05-16T21:05:38.510Z</time>
      </trkpt>
      <trkpt lat="51.165269" lon="7.777601">
        <ele>434.695285</ele>
        <time>2026-05-16T21:05:44.268Z</time>
      </trkpt>
      <trkpt lat="51.164355" lon="7.776612">
        <ele>436.185933</ele>
        <time>2026-05-16T21:06:29.603Z</time>
      </trkpt>
      <trkpt lat="51.163800" lon="7.775768">
        <ele>436.167408</ele>
        <time>2026-05-16T21:06:41.578Z</time>
      </trkpt>
      <trkpt lat="51.163722" lon="7.775595">
        <ele>436.164180</ele>
        <time>2026-05-16T21:06:43.395Z</time>
      </trkpt>
      <trkpt lat="51.163500" lon="7.774927">
        <ele>432.601999</ele>
        <time>2026-05-16T21:06:49.590Z</time>
      </trkpt>
      <trkpt lat="51.163017" lon="7.774269">
        <ele>427.648752</ele>
        <time>2026-05-16T21:06:57.782Z</time>
      </trkpt>
      <trkpt lat="51.162141" lon="7.773337">
        <ele>421.286115</ele>
        <time>2026-05-16T21:07:11.576Z</time>
      </trkpt>
      <trkpt lat="51.162088" lon="7.773219">
        <ele>421.061966</ele>
        <time>2026-05-16T21:07:12.800Z</time>
      </trkpt>
      <trkpt lat="51.161376" lon="7.772907">
        <ele>419.243604</ele>
        <time>2026-05-16T21:07:23.125Z</time>
      </trkpt>
      <trkpt lat="51.161343" lon="7.772682">
        <ele>418.886747</ele>
        <time>2026-05-16T21:07:26.013Z</time>
      </trkpt>
      <trkpt lat="51.161328" lon="7.772593">
        <ele>418.744422</ele>
        <time>2026-05-16T21:07:27.492Z</time>
      </trkpt>
      <trkpt lat="51.161350" lon="7.772397">
        <ele>418.436917</ele>
        <time>2026-05-16T21:07:30.797Z</time>
      </trkpt>
      <trkpt lat="51.161462" lon="7.771955">
        <ele>417.740315</ele>
        <time>2026-05-16T21:07:41.319Z</time>
      </trkpt>
      <trkpt lat="51.161647" lon="7.771379">
        <ele>420.956917</ele>
        <time>2026-05-16T21:08:00.334Z</time>
      </trkpt>
      <trkpt lat="51.161696" lon="7.770899">
        <ele>423.374122</ele>
        <time>2026-05-16T21:08:18.099Z</time>
      </trkpt>
      <trkpt lat="51.161551" lon="7.770950">
        <ele>424.550979</ele>
        <time>2026-05-16T21:08:27.742Z</time>
      </trkpt>
      <trkpt lat="51.161485" lon="7.770298">
        <ele>427.833653</ele>
        <time>2026-05-16T21:08:56.422Z</time>
      </trkpt>
      <trkpt lat="51.161388" lon="7.769957">
        <ele>429.694785</ele>
        <time>2026-05-16T21:09:13.450Z</time>
      </trkpt>
      <trkpt lat="51.161211" lon="7.769435">
        <ele>432.681948</ele>
        <time>2026-05-16T21:09:40.110Z</time>
      </trkpt>
      <trkpt lat="51.160766" lon="7.768382">
        <ele>439.343082</ele>
        <time>2026-05-16T21:10:34.105Z</time>
      </trkpt>
      <trkpt lat="51.160584" lon="7.768089">
        <ele>441.506497</ele>
        <time>2026-05-16T21:10:49.598Z</time>
      </trkpt>
      <trkpt lat="51.160196" lon="7.767754">
        <ele>445.197357</ele>
        <time>2026-05-16T21:11:13.842Z</time>
      </trkpt>
      <trkpt lat="51.159565" lon="7.767117">
        <ele>449.833336</ele>
        <time>2026-05-16T21:11:49.745Z</time>
      </trkpt>
      <trkpt lat="51.158018" lon="7.766038">
        <ele>458.580658</ele>
        <time>2026-05-16T21:13:04.426Z</time>
      </trkpt>
      <trkpt lat="51.157828" lon="7.765988">
        <ele>459.494225</ele>
        <time>2026-05-16T21:13:12.555Z</time>
      </trkpt>
      <trkpt lat="51.157714" lon="7.765997">
        <ele>460.035712</ele>
        <time>2026-05-16T21:13:17.417Z</time>
      </trkpt>
      <trkpt lat="51.157451" lon="7.766101">
        <ele>461.321202</ele>
        <time>2026-05-16T21:13:29.087Z</time>
      </trkpt>
      <trkpt lat="51.157351" lon="7.766089">
        <ele>461.796950</ele>
        <time>2026-05-16T21:13:33.504Z</time>
      </trkpt>
      <trkpt lat="51.157284" lon="7.766050">
        <ele>462.135322</ele>
        <time>2026-05-16T21:13:36.700Z</time>
      </trkpt>
      <trkpt lat="51.157213" lon="7.765933">
        <ele>462.619722</ele>
        <time>2026-05-16T21:13:41.132Z</time>
      </trkpt>
      <trkpt lat="51.157067" lon="7.765825">
        <ele>463.383270</ele>
        <time>2026-05-16T21:13:48.225Z</time>
      </trkpt>
      <trkpt lat="51.156978" lon="7.765910">
        <ele>463.875444</ele>
        <time>2026-05-16T21:13:54.194Z</time>
      </trkpt>
      <trkpt lat="51.156316" lon="7.766784">
        <ele>468.032152</ele>
        <time>2026-05-16T21:14:39.588Z</time>
      </trkpt>
      <trkpt lat="51.155424" lon="7.768200">
        <ele>474.552712</ele>
        <time>2026-05-16T21:15:48.195Z</time>
      </trkpt>
      <trkpt lat="51.155082" lon="7.768654">
        <ele>479.709796</ele>
        <time>2026-05-16T21:16:18.673Z</time>
      </trkpt>
      <trkpt lat="51.154725" lon="7.769469">
        <ele>486.935103</ele>
        <time>2026-05-16T21:17:14.690Z</time>
      </trkpt>
      <trkpt lat="51.154190" lon="7.768994">
        <ele>494.031312</ele>
        <time>2026-05-16T21:18:25.002Z</time>
      </trkpt>
      <trkpt lat="51.154125" lon="7.768971">
        <ele>494.803966</ele>
        <time>2026-05-16T21:18:32.987Z</time>
      </trkpt>
      <trkpt lat="51.154044" lon="7.769028">
        <ele>495.846765</ele>
        <time>2026-05-16T21:18:42.869Z</time>
      </trkpt>
      <trkpt lat="51.153916" lon="7.769250">
        <ele>498.074397</ele>
        <time>2026-05-16T21:19:04.402Z</time>
      </trkpt>
      <trkpt lat="51.153752" lon="7.769706">
        <ele>501.957542</ele>
        <time>2026-05-16T21:19:40.828Z</time>
      </trkpt>
      <trkpt lat="51.153651" lon="7.767520">
        <ele>517.214454</ele>
        <time>2026-05-16T21:21:34.046Z</time>
      </trkpt>
      <trkpt lat="51.153549" lon="7.768086">
        <ele>519.739174</ele>
        <time>2026-05-16T21:21:56.460Z</time>
      </trkpt>
      <trkpt lat="51.153418" lon="7.768417">
        <ele>521.417112</ele>
        <time>2026-05-16T21:22:11.333Z</time>
      </trkpt>
      <trkpt lat="51.153317" lon="7.768919">
        <ele>523.677302</ele>
        <time>2026-05-16T21:22:31.907Z</time>
      </trkpt>
      <trkpt lat="51.153203" lon="7.769224">
        <ele>525.199465</ele>
        <time>2026-05-16T21:22:45.323Z</time>
      </trkpt>
      <trkpt lat="51.152990" lon="7.769642">
        <ele>527.508373</ele>
        <time>2026-05-16T21:23:06.714Z</time>
      </trkpt>
      <trkpt lat="51.152770" lon="7.770164">
        <ele>530.341022</ele>
        <time>2026-05-16T21:23:32.391Z</time>
      </trkpt>
      <trkpt lat="51.152613" lon="7.770332">
        <ele>531.722029</ele>
        <time>2026-05-16T21:23:45.082Z</time>
      </trkpt>
      <trkpt lat="51.152488" lon="7.770349">
        <ele>532.638294</ele>
        <time>2026-05-16T21:23:53.507Z</time>
      </trkpt>
      <trkpt lat="51.152432" lon="7.770296">
        <ele>533.113937</ele>
        <time>2026-05-16T21:23:57.975Z</time>
      </trkpt>
      <trkpt lat="51.152415" lon="7.770227">
        <ele>533.453549</ele>
        <time>2026-05-16T21:24:01.113Z</time>
      </trkpt>
      <trkpt lat="51.152425" lon="7.770080">
        <ele>534.130932</ele>
        <time>2026-05-16T21:24:07.703Z</time>
      </trkpt>
      <trkpt lat="51.152348" lon="7.770082">
        <ele>534.693384</ele>
        <time>2026-05-16T21:24:13.043Z</time>
      </trkpt>
      <trkpt lat="51.151720" lon="7.769657">
        <ele>539.676190</ele>
        <time>2026-05-16T21:25:03.269Z</time>
      </trkpt>
      <trkpt lat="51.150672" lon="7.769077">
        <ele>544.497071</ele>
        <time>2026-05-16T21:26:16.211Z</time>
      </trkpt>
      <trkpt lat="51.150488" lon="7.768999">
        <ele>545.177732</ele>
        <time>2026-05-16T21:26:25.096Z</time>
      </trkpt>
      <trkpt lat="51.150407" lon="7.769014">
        <ele>545.469255</ele>
        <time>2026-05-16T21:26:28.532Z</time>
      </trkpt>
      <trkpt lat="51.150358" lon="7.769063">
        <ele>545.676043</ele>
        <time>2026-05-16T21:26:30.834Z</time>
      </trkpt>
      <trkpt lat="51.150329" lon="7.769191">
        <ele>545.981236</ele>
        <time>2026-05-16T21:26:34.060Z</time>
      </trkpt>
      <trkpt lat="51.150364" lon="7.769325">
        <ele>546.306745</ele>
        <time>2026-05-16T21:26:37.263Z</time>
      </trkpt>
      <trkpt lat="51.150625" lon="7.769807">
        <ele>547.734670</ele>
        <time>2026-05-16T21:26:49.478Z</time>
      </trkpt>
      <trkpt lat="51.150743" lon="7.770094">
        <ele>547.486842</ele>
        <time>2026-05-16T21:26:55.459Z</time>
      </trkpt>
      <trkpt lat="51.150842" lon="7.770461">
        <ele>547.122442</ele>
        <time>2026-05-16T21:27:02.129Z</time>
      </trkpt>
      <trkpt lat="51.150902" lon="7.770884">
        <ele>546.726863</ele>
        <time>2026-05-16T21:27:09.295Z</time>
      </trkpt>
      <trkpt lat="51.150936" lon="7.771274">
        <ele>546.367707</ele>
        <time>2026-05-16T21:27:15.916Z</time>
      </trkpt>
      <trkpt lat="51.151044" lon="7.772515">
        <ele>545.224896</ele>
        <time>2026-05-16T21:27:38.546Z</time>
      </trkpt>
      <trkpt lat="51.151086" lon="7.773659">
        <ele>544.377409</ele>
        <time>2026-05-16T21:28:00.602Z</time>
      </trkpt>
      <trkpt lat="51.151065" lon="7.774086">
        <ele>544.065107</ele>
        <time>2026-05-16T21:28:09.110Z</time>
      </trkpt>
      <trkpt lat="51.151021" lon="7.774606">
        <ele>543.682515</ele>
        <time>2026-05-16T21:28:19.184Z</time>
      </trkpt>
      <trkpt lat="51.150938" lon="7.774959">
        <ele>543.407636</ele>
        <time>2026-05-16T21:28:26.074Z</time>
      </trkpt>
      <trkpt lat="51.150788" lon="7.775346">
        <ele>543.075930</ele>
        <time>2026-05-16T21:28:33.820Z</time>
      </trkpt>
      <trkpt lat="51.150580" lon="7.776022">
        <ele>540.320698</ele>
        <time>2026-05-16T21:28:45.664Z</time>
      </trkpt>
      <trkpt lat="51.150322" lon="7.776606">
        <ele>537.702324</ele>
        <time>2026-05-16T21:28:56.147Z</time>
      </trkpt>
      <trkpt lat="51.149841" lon="7.777529">
        <ele>533.303646</ele>
        <time>2026-05-16T21:29:12.926Z</time>
      </trkpt>
      <trkpt lat="51.149637" lon="7.777845">
        <ele>531.856726</ele>
        <time>2026-05-16T21:29:19.280Z</time>
      </trkpt>
      <trkpt lat="51.148910" lon="7.778750">
        <ele>527.724486</ele>
        <time>2026-05-16T21:29:41.029Z</time>
      </trkpt>
      <trkpt lat="51.148598" lon="7.779443">
        <ele>525.327320</ele>
        <time>2026-05-16T21:29:54.610Z</time>
      </trkpt>
      <trkpt lat="51.148399" lon="7.780070">
        <ele>525.774267</ele>
        <time>2026-05-16T21:30:07.614Z</time>
      </trkpt>
      <trkpt lat="51.148116" lon="7.780820">
        <ele>528.478026</ele>
        <time>2026-05-16T21:30:32.380Z</time>
      </trkpt>
      <trkpt lat="51.148100" lon="7.781098">
        <ele>529.340436</ele>
        <time>2026-05-16T21:30:41.991Z</time>
      </trkpt>
      <trkpt lat="51.148143" lon="7.781338">
        <ele>530.111496</ele>
        <time>2026-05-16T21:30:51.491Z</time>
      </trkpt>
      <trkpt lat="51.147889" lon="7.781457">
        <ele>531.415235</ele>
        <time>2026-05-16T21:31:09.634Z</time>
      </trkpt>
      <trkpt lat="51.147002" lon="7.781390">
        <ele>539.742440</ele>
        <time>2026-05-16T21:32:27.795Z</time>
      </trkpt>
      <trkpt lat="51.146544" lon="7.781443">
        <ele>545.691982</ele>
        <time>2026-05-16T21:33:11.693Z</time>
      </trkpt>
      <trkpt lat="51.146349" lon="7.781371">
        <ele>548.285326</ele>
        <time>2026-05-16T21:33:31.221Z</time>
      </trkpt>
      <trkpt lat="51.145304" lon="7.780459">
        <ele>564.781187</ele>
        <time>2026-05-16T21:35:39.327Z</time>
      </trkpt>
      <trkpt lat="51.145243" lon="7.780388">
        <ele>565.906878</ele>
        <time>2026-05-16T21:35:48.316Z</time>
      </trkpt>
      <trkpt lat="51.145175" lon="7.780309">
        <ele>567.160935</ele>
        <time>2026-05-16T21:35:58.257Z</time>
      </trkpt>
      <trkpt lat="51.144981" lon="7.779980">
        <ele>571.382546</ele>
        <time>2026-05-16T21:36:30.870Z</time>
      </trkpt>
      <trkpt lat="51.144845" lon="7.779635">
        <ele>575.192198</ele>
        <time>2026-05-16T21:36:59.585Z</time>
      </trkpt>
      <trkpt lat="51.144713" lon="7.779257">
        <ele>579.237090</ele>
        <time>2026-05-16T21:37:28.854Z</time>
      </trkpt>
      <trkpt lat="51.144559" lon="7.779013">
        <ele>582.473208</ele>
        <time>2026-05-16T21:37:51.015Z</time>
      </trkpt>
      <trkpt lat="51.144402" lon="7.778863">
        <ele>584.447211</ele>
        <time>2026-05-16T21:38:08.741Z</time>
      </trkpt>
      <trkpt lat="51.144054" lon="7.778670">
        <ele>587.541975</ele>
        <time>2026-05-16T21:38:42.125Z</time>
      </trkpt>
      <trkpt lat="51.143797" lon="7.778592">
        <ele>589.739332</ele>
        <time>2026-05-16T21:39:03.576Z</time>
      </trkpt>
      <trkpt lat="51.143674" lon="7.778593">
        <ele>590.772438</ele>
        <time>2026-05-16T21:39:12.492Z</time>
      </trkpt>
      <trkpt lat="51.143129" lon="7.778746">
        <ele>595.420418</ele>
        <time>2026-05-16T21:39:47.572Z</time>
      </trkpt>
      <trkpt lat="51.142798" lon="7.778746">
        <ele>598.200530</ele>
        <time>2026-05-16T21:40:06.500Z</time>
      </trkpt>
      <trkpt lat="51.142480" lon="7.778708">
        <ele>599.410220</ele>
        <time>2026-05-16T21:40:24.073Z</time>
      </trkpt>
      <trkpt lat="51.142432" lon="7.778754">
        <ele>599.580021</ele>
        <time>2026-05-16T21:40:27.016Z</time>
      </trkpt>
      <trkpt lat="51.142035" lon="7.777146">
        <ele>602.866842</ele>
        <time>2026-05-16T21:41:05.319Z</time>
      </trkpt>
      <trkpt lat="51.142028" lon="7.776852">
        <ele>603.426454</ele>
        <time>2026-05-16T21:41:10.682Z</time>
      </trkpt>
      <trkpt lat="51.142769" lon="7.773520">
        <ele>604.907205</ele>
        <time>2026-05-16T21:41:56.707Z</time>
      </trkpt>
      <trkpt lat="51.142951" lon="7.772704">
        <ele>605.005598</ele>
        <time>2026-05-16T21:42:06.992Z</time>
      </trkpt>
      <trkpt lat="51.142963" lon="7.772148">
        <ele>605.068805</ele>
        <time>2026-05-16T21:42:13.751Z</time>
      </trkpt>
      <trkpt lat="51.142909" lon="7.771526">
        <ele>605.140145</ele>
        <time>2026-05-16T21:42:21.671Z</time>
      </trkpt>
      <trkpt lat="51.142583" lon="7.770215">
        <ele>605.187282</ele>
        <time>2026-05-16T21:42:40.893Z</time>
      </trkpt>
      <trkpt lat="51.142421" lon="7.769713">
        <ele>605.183698</ele>
        <time>2026-05-16T21:42:48.341Z</time>
      </trkpt>
      <trkpt lat="51.141972" lon="7.768844">
        <ele>605.176550</ele>
        <time>2026-05-16T21:43:01.559Z</time>
      </trkpt>
      <trkpt lat="51.141710" lon="7.768017">
        <ele>604.587364</ele>
        <time>2026-05-16T21:43:11.437Z</time>
      </trkpt>
      <trkpt lat="51.141231" lon="7.765509">
        <ele>602.253101</ele>
        <time>2026-05-16T21:43:37.721Z</time>
      </trkpt>
      <trkpt lat="51.141131" lon="7.764721">
        <ele>601.374221</ele>
        <time>2026-05-16T21:43:45.759Z</time>
      </trkpt>
      <trkpt lat="51.141135" lon="7.764204">
        <ele>600.808997</ele>
        <time>2026-05-16T21:43:50.809Z</time>
      </trkpt>
      <trkpt lat="51.141544" lon="7.761827">
        <ele>599.350375</ele>
        <time>2026-05-16T21:44:15.039Z</time>
      </trkpt>
      <trkpt lat="51.141627" lon="7.761513">
        <ele>599.286095</ele>
        <time>2026-05-16T21:44:19.099Z</time>
      </trkpt>
      <trkpt lat="51.141756" lon="7.761224">
        <ele>599.219185</ele>
        <time>2026-05-16T21:44:23.861Z</time>
      </trkpt>
      <trkpt lat="51.142285" lon="7.760424">
        <ele>599.525562</ele>
        <time>2026-05-16T21:44:43.722Z</time>
      </trkpt>
      <trkpt lat="51.143055" lon="7.759182">
        <ele>601.766048</ele>
        <time>2026-05-16T21:45:17.550Z</time>
      </trkpt>
      <trkpt lat="51.143495" lon="7.758224">
        <ele>602.999567</ele>
        <time>2026-05-16T21:45:39.428Z</time>
      </trkpt>
      <trkpt lat="51.143880" lon="7.757193">
        <ele>603.717990</ele>
        <time>2026-05-16T21:45:59.681Z</time>
      </trkpt>
      <trkpt lat="51.143964" lon="7.756616">
        <ele>604.072664</ele>
        <time>2026-05-16T21:46:08.172Z</time>
      </trkpt>
      <trkpt lat="51.143950" lon="7.755986">
        <ele>604.450128</ele>
        <time>2026-05-16T21:46:15.633Z</time>
      </trkpt>
      <trkpt lat="51.143898" lon="7.755623">
        <ele>604.233717</ele>
        <time>2026-05-16T21:46:19.631Z</time>
      </trkpt>
      <trkpt lat="51.143796" lon="7.755196">
        <ele>603.936264</ele>
        <time>2026-05-16T21:46:24.327Z</time>
      </trkpt>
      <trkpt lat="51.143632" lon="7.754813">
        <ele>603.634382</ele>
        <time>2026-05-16T21:46:28.958Z</time>
      </trkpt>
      <trkpt lat="51.143378" lon="7.754392">
        <ele>603.254130</ele>
        <time>2026-05-16T21:46:34.787Z</time>
      </trkpt>
      <trkpt lat="51.143259" lon="7.754103">
        <ele>603.029080</ele>
        <time>2026-05-16T21:46:38.312Z</time>
      </trkpt>
      <trkpt lat="51.142961" lon="7.753091">
        <ele>602.513040</ele>
        <time>2026-05-16T21:46:50.620Z</time>
      </trkpt>
      <trkpt lat="51.142902" lon="7.752638">
        <ele>602.428157</ele>
        <time>2026-05-16T21:46:55.883Z</time>
      </trkpt>
      <trkpt lat="51.142905" lon="7.752359">
        <ele>602.376962</ele>
        <time>2026-05-16T21:46:59.074Z</time>
      </trkpt>
      <trkpt lat="51.142939" lon="7.752086">
        <ele>602.325898</ele>
        <time>2026-05-16T21:47:02.324Z</time>
      </trkpt>
      <trkpt lat="51.143029" lon="7.751821">
        <ele>602.270613</ele>
        <time>2026-05-16T21:47:05.867Z</time>
      </trkpt>
      <trkpt lat="51.143172" lon="7.751544">
        <ele>602.204799</ele>
        <time>2026-05-16T21:47:10.129Z</time>
      </trkpt>
      <trkpt lat="51.143377" lon="7.751225">
        <ele>602.121018</ele>
        <time>2026-05-16T21:47:15.850Z</time>
      </trkpt>
      <trkpt lat="51.143656" lon="7.750704">
        <ele>602.290897</ele>
        <time>2026-05-16T21:47:24.390Z</time>
      </trkpt>
      <trkpt lat="51.143959" lon="7.749792">
        <ele>602.849644</ele>
        <time>2026-05-16T21:47:37.858Z</time>
      </trkpt>
      <trkpt lat="51.144107" lon="7.749189">
        <ele>603.200218</ele>
        <time>2026-05-16T21:47:48.475Z</time>
      </trkpt>
      <trkpt lat="51.144162" lon="7.748496">
        <ele>603.578415</ele>
        <time>2026-05-16T21:48:00.785Z</time>
      </trkpt>
      <trkpt lat="51.144155" lon="7.748352">
        <ele>603.735736</ele>
        <time>2026-05-16T21:48:03.491Z</time>
      </trkpt>
      <trkpt lat="51.144087" lon="7.746874">
        <ele>606.393755</ele>
        <time>2026-05-16T21:48:35.236Z</time>
      </trkpt>
      <trkpt lat="51.143803" lon="7.746137">
        <ele>607.945065</ele>
        <time>2026-05-16T21:48:54.335Z</time>
      </trkpt>
      <trkpt lat="51.143740" lon="7.745781">
        <ele>608.608498</ele>
        <time>2026-05-16T21:49:02.767Z</time>
      </trkpt>
      <trkpt lat="51.143365" lon="7.745859">
        <ele>609.630227</ele>
        <time>2026-05-16T21:49:16.740Z</time>
      </trkpt>
      <trkpt lat="51.143312" lon="7.745723">
        <ele>609.898934</ele>
        <time>2026-05-16T21:49:21.696Z</time>
      </trkpt>
      <trkpt lat="51.143135" lon="7.745430">
        <ele>610.581602</ele>
        <time>2026-05-16T21:49:33.875Z</time>
      </trkpt>
      <trkpt lat="51.143105" lon="7.745334">
        <ele>610.761605</ele>
        <time>2026-05-16T21:49:37.011Z</time>
      </trkpt>
      <trkpt lat="51.142921" lon="7.744337">
        <ele>612.505825</ele>
        <time>2026-05-16T21:50:05.730Z</time>
      </trkpt>
      <trkpt lat="51.142936" lon="7.744224">
        <ele>612.699678</ele>
        <time>2026-05-16T21:50:08.835Z</time>
      </trkpt>
      <trkpt lat="51.143201" lon="7.743527">
        <ele>613.851807</ele>
        <time>2026-05-16T21:50:30.117Z</time>
      </trkpt>
      <trkpt lat="51.143261" lon="7.742184">
        <ele>615.119239</ele>
        <time>2026-05-16T21:51:03.878Z</time>
      </trkpt>
      <trkpt lat="51.143118" lon="7.741576">
        <ele>615.730476</ele>
        <time>2026-05-16T21:51:19.760Z</time>
      </trkpt>
      <trkpt lat="51.143101" lon="7.741340">
        <ele>615.954095</ele>
        <time>2026-05-16T21:51:25.404Z</time>
      </trkpt>
      <trkpt lat="51.143138" lon="7.741126">
        <ele>616.163054</ele>
        <time>2026-05-16T21:51:30.626Z</time>
      </trkpt>
      <trkpt lat="51.143313" lon="7.740507">
        <ele>616.266622</ele>
        <time>2026-05-16T21:51:45.999Z</time>
      </trkpt>
      <trkpt lat="51.143327" lon="7.740238">
        <ele>616.262563</ele>
        <time>2026-05-16T21:51:51.830Z</time>
      </trkpt>
      <trkpt lat="51.143283" lon="7.739504">
        <ele>616.251476</ele>
        <time>2026-05-16T21:52:06.802Z</time>
      </trkpt>
      <trkpt lat="51.143157" lon="7.738523">
        <ele>616.236419</ele>
        <time>2026-05-16T21:52:25.886Z</time>
      </trkpt>
      <trkpt lat="51.142944" lon="7.737505">
        <ele>615.686310</ele>
        <time>2026-05-16T21:52:45.489Z</time>
      </trkpt>
      <trkpt lat="51.142923" lon="7.736800">
        <ele>615.189271</ele>
        <time>2026-05-16T21:52:58.084Z</time>
      </trkpt>
      <trkpt lat="51.142976" lon="7.736170">
        <ele>614.741637</ele>
        <time>2026-05-16T21:53:09.386Z</time>
      </trkpt>
      <trkpt lat="51.143122" lon="7.735070">
        <ele>614.158994</ele>
        <time>2026-05-16T21:53:29.890Z</time>
      </trkpt>
      <trkpt lat="51.143211" lon="7.734618">
        <ele>614.090554</ele>
        <time>2026-05-16T21:53:38.893Z</time>
      </trkpt>
      <trkpt lat="51.143171" lon="7.734039">
        <ele>614.006402</ele>
        <time>2026-05-16T21:53:50.293Z</time>
      </trkpt>
      <trkpt lat="51.143265" lon="7.733281">
        <ele>613.894776</ele>
        <time>2026-05-16T21:54:06.062Z</time>
      </trkpt>
      <trkpt lat="51.143297" lon="7.732836">
        <ele>613.830067</ele>
        <time>2026-05-16T21:54:15.482Z</time>
      </trkpt>
      <trkpt lat="51.143402" lon="7.732405">
        <ele>613.710185</ele>
        <time>2026-05-16T21:54:25.133Z</time>
      </trkpt>
      <trkpt lat="51.143687" lon="7.731694">
        <ele>613.406135</ele>
        <time>2026-05-16T21:54:42.172Z</time>
      </trkpt>
      <trkpt lat="51.143803" lon="7.730952">
        <ele>613.130570</ele>
        <time>2026-05-16T21:54:56.958Z</time>
      </trkpt>
      <trkpt lat="51.143878" lon="7.730135">
        <ele>612.833021</ele>
        <time>2026-05-16T21:55:12.305Z</time>
      </trkpt>
      <trkpt lat="51.143895" lon="7.729995">
        <ele>612.781634</ele>
        <time>2026-05-16T21:55:14.896Z</time>
      </trkpt>
      <trkpt lat="51.143990" lon="7.729238">
        <ele>610.705653</ele>
        <time>2026-05-16T21:55:28.209Z</time>
      </trkpt>
      <trkpt lat="51.144836" lon="7.729432">
        <ele>606.848717</ele>
        <time>2026-05-16T21:55:48.616Z</time>
      </trkpt>
      <trkpt lat="51.144971" lon="7.729048">
        <ele>605.602566</ele>
        <time>2026-05-16T21:55:55.087Z</time>
      </trkpt>
      <trkpt lat="51.145050" lon="7.728455">
        <ele>603.390510</ele>
        <time>2026-05-16T21:56:03.902Z</time>
      </trkpt>
      <trkpt lat="51.145224" lon="7.728740">
        <ele>601.532828</ele>
        <time>2026-05-16T21:56:09.638Z</time>
      </trkpt>
      <trkpt lat="51.145304" lon="7.729050">
        <ele>599.967008</ele>
        <time>2026-05-16T21:56:14.378Z</time>
      </trkpt>
      <trkpt lat="51.145329" lon="7.729421">
        <ele>598.224009</ele>
        <time>2026-05-16T21:56:19.628Z</time>
      </trkpt>
      <trkpt lat="51.145396" lon="7.730380">
        <ele>593.716599</ele>
        <time>2026-05-16T21:56:33.290Z</time>
      </trkpt>
      <trkpt lat="51.145310" lon="7.731129">
        <ele>590.182025</ele>
        <time>2026-05-16T21:56:43.860Z</time>
      </trkpt>
      <trkpt lat="51.145235" lon="7.731571">
        <ele>588.086637</ele>
        <time>2026-05-16T21:56:50.057Z</time>
      </trkpt>
      <trkpt lat="51.145283" lon="7.731624">
        <ele>587.660696</ele>
        <time>2026-05-16T21:56:51.301Z</time>
      </trkpt>
      <trkpt lat="51.145336" lon="7.731609">
        <ele>587.268035</ele>
        <time>2026-05-16T21:56:52.449Z</time>
      </trkpt>
      <trkpt lat="51.145505" lon="7.731476">
        <ele>585.893186</ele>
        <time>2026-05-16T21:56:56.492Z</time>
      </trkpt>
      <trkpt lat="51.145716" lon="7.731181">
        <ele>583.845875</ele>
        <time>2026-05-16T21:57:02.548Z</time>
      </trkpt>
      <trkpt lat="51.145886" lon="7.730778">
        <ele>581.623508</ele>
        <time>2026-05-16T21:57:09.342Z</time>
      </trkpt>
      <trkpt lat="51.146007" lon="7.730307">
        <ele>579.294398</ele>
        <time>2026-05-16T21:57:17.032Z</time>
      </trkpt>
      <trkpt lat="51.146152" lon="7.729475">
        <ele>577.231674</ele>
        <time>2026-05-16T21:57:31.792Z</time>
      </trkpt>
      <trkpt lat="51.146070" lon="7.729157">
        <ele>576.722269</ele>
        <time>2026-05-16T21:57:38.217Z</time>
      </trkpt>
      <trkpt lat="51.145794" lon="7.728589">
        <ele>575.657782</ele>
        <time>2026-05-16T21:57:51.368Z</time>
      </trkpt>
      <trkpt lat="51.145716" lon="7.728364">
        <ele>575.276902</ele>
        <time>2026-05-16T21:57:55.849Z</time>
      </trkpt>
      <trkpt lat="51.145686" lon="7.728183">
        <ele>574.999524</ele>
        <time>2026-05-16T21:57:59.061Z</time>
      </trkpt>
      <trkpt lat="51.145747" lon="7.727901">
        <ele>574.557564</ele>
        <time>2026-05-16T21:58:04.211Z</time>
      </trkpt>
      <trkpt lat="51.145865" lon="7.727661">
        <ele>574.105776</ele>
        <time>2026-05-16T21:58:09.311Z</time>
      </trkpt>
      <trkpt lat="51.145905" lon="7.727421">
        <ele>573.653887</ele>
        <time>2026-05-16T21:58:13.329Z</time>
      </trkpt>
      <trkpt lat="51.145830" lon="7.727169">
        <ele>573.009620</ele>
        <time>2026-05-16T21:58:17.683Z</time>
      </trkpt>
      <trkpt lat="51.145919" lon="7.726707">
        <ele>571.893286</ele>
        <time>2026-05-16T21:58:25.090Z</time>
      </trkpt>
      <trkpt lat="51.145921" lon="7.726309">
        <ele>570.973934</ele>
        <time>2026-05-16T21:58:31.096Z</time>
      </trkpt>
      <trkpt lat="51.145807" lon="7.725575">
        <ele>569.227312</ele>
        <time>2026-05-16T21:58:42.567Z</time>
      </trkpt>
      <trkpt lat="51.145734" lon="7.725269">
        <ele>568.471113</ele>
        <time>2026-05-16T21:58:47.839Z</time>
      </trkpt>
      <trkpt lat="51.145699" lon="7.725119">
        <ele>568.101444</ele>
        <time>2026-05-16T21:58:50.526Z</time>
      </trkpt>
      <trkpt lat="51.145553" lon="7.724280">
        <ele>565.662251</ele>
        <time>2026-05-16T21:59:05.616Z</time>
      </trkpt>
      <trkpt lat="51.145579" lon="7.723757">
        <ele>564.009009</ele>
        <time>2026-05-16T21:59:14.760Z</time>
      </trkpt>
      <trkpt lat="51.145434" lon="7.722172">
        <ele>558.961531</ele>
        <time>2026-05-16T21:59:38.869Z</time>
      </trkpt>
      <trkpt lat="51.145386" lon="7.720222">
        <ele>547.728440</ele>
        <time>2026-05-16T22:00:04.730Z</time>
      </trkpt>
      <trkpt lat="51.145307" lon="7.719828">
        <ele>545.202192</ele>
        <time>2026-05-16T22:00:10.145Z</time>
      </trkpt>
      <trkpt lat="51.145008" lon="7.718805">
        <ele>539.327542</ele>
        <time>2026-05-16T22:00:25.796Z</time>
      </trkpt>
      <trkpt lat="51.144783" lon="7.718303">
        <ele>537.150692</ele>
        <time>2026-05-16T22:00:34.774Z</time>
      </trkpt>
      <trkpt lat="51.144736" lon="7.718076">
        <ele>536.307255</ele>
        <time>2026-05-16T22:00:38.376Z</time>
      </trkpt>
      <trkpt lat="51.144593" lon="7.717788">
        <ele>535.011317</ele>
        <time>2026-05-16T22:00:43.970Z</time>
      </trkpt>
      <trkpt lat="51.144564" lon="7.717449">
        <ele>533.804120</ele>
        <time>2026-05-16T22:00:49.363Z</time>
      </trkpt>
      <trkpt lat="51.144603" lon="7.717178">
        <ele>532.823088</ele>
        <time>2026-05-16T22:00:53.861Z</time>
      </trkpt>
      <trkpt lat="51.144918" lon="7.716748">
        <ele>530.465954</ele>
        <time>2026-05-16T22:01:04.352Z</time>
      </trkpt>
      <trkpt lat="51.145154" lon="7.716216">
        <ele>527.669424</ele>
        <time>2026-05-16T22:01:14.075Z</time>
      </trkpt>
      <trkpt lat="51.145343" lon="7.715433">
        <ele>524.068623</ele>
        <time>2026-05-16T22:01:26.080Z</time>
      </trkpt>
      <trkpt lat="51.145591" lon="7.714664">
        <ele>520.357532</ele>
        <time>2026-05-16T22:01:38.236Z</time>
      </trkpt>
      <trkpt lat="51.145720" lon="7.714156">
        <ele>518.111809</ele>
        <time>2026-05-16T22:01:45.795Z</time>
      </trkpt>
      <trkpt lat="51.145829" lon="7.713213">
        <ele>515.488240</ele>
        <time>2026-05-16T22:01:58.944Z</time>
      </trkpt>
      <trkpt lat="51.145983" lon="7.712226">
        <ele>512.705448</ele>
        <time>2026-05-16T22:02:14.342Z</time>
      </trkpt>
      <trkpt lat="51.145976" lon="7.712114">
        <ele>512.397490</ele>
        <time>2026-05-16T22:02:16.297Z</time>
      </trkpt>
      <trkpt lat="51.145905" lon="7.711886">
        <ele>511.701034</ele>
        <time>2026-05-16T22:02:21.126Z</time>
      </trkpt>
      <trkpt lat="51.145806" lon="7.711718">
        <ele>511.070380</ele>
        <time>2026-05-16T22:02:26.136Z</time>
      </trkpt>
      <trkpt lat="51.145654" lon="7.711569">
        <ele>510.554214</ele>
        <time>2026-05-16T22:02:33.340Z</time>
      </trkpt>
      <trkpt lat="51.145572" lon="7.711547">
        <ele>510.777451</ele>
        <time>2026-05-16T22:02:37.020Z</time>
      </trkpt>
      <trkpt lat="51.145103" lon="7.711696">
        <ele>512.061310</ele>
        <time>2026-05-16T22:03:00.933Z</time>
      </trkpt>
      <trkpt lat="51.145000" lon="7.711674">
        <ele>512.340299</ele>
        <time>2026-05-16T22:03:06.859Z</time>
      </trkpt>
      <trkpt lat="51.144887" lon="7.711527">
        <ele>512.731867</ele>
        <time>2026-05-16T22:03:15.316Z</time>
      </trkpt>
      <trkpt lat="51.144809" lon="7.711297">
        <ele>513.172212</ele>
        <time>2026-05-16T22:03:24.694Z</time>
      </trkpt>
      <trkpt lat="51.144797" lon="7.711153">
        <ele>513.416870</ele>
        <time>2026-05-16T22:03:29.685Z</time>
      </trkpt>
      <trkpt lat="51.144911" lon="7.710380">
        <ele>514.754259</ele>
        <time>2026-05-16T22:03:53.340Z</time>
      </trkpt>
      <trkpt lat="51.144973" lon="7.709314">
        <ele>515.095678</ele>
        <time>2026-05-16T22:04:15.770Z</time>
      </trkpt>
      <trkpt lat="51.145035" lon="7.708793">
        <ele>514.964345</ele>
        <time>2026-05-16T22:04:25.589Z</time>
      </trkpt>
      <trkpt lat="51.145153" lon="7.708574">
        <ele>514.892849</ele>
        <time>2026-05-16T22:04:30.820Z</time>
      </trkpt>
      <trkpt lat="51.145272" lon="7.708506">
        <ele>514.842943</ele>
        <time>2026-05-16T22:04:34.444Z</time>
      </trkpt>
      <trkpt lat="51.146443" lon="7.708433">
        <ele>514.651736</ele>
        <time>2026-05-16T22:05:08.541Z</time>
      </trkpt>
      <trkpt lat="51.146734" lon="7.708372">
        <ele>514.699080</ele>
        <time>2026-05-16T22:05:18.357Z</time>
      </trkpt>
      <trkpt lat="51.146818" lon="7.708316">
        <ele>514.713766</ele>
        <time>2026-05-16T22:05:21.680Z</time>
      </trkpt>
      <trkpt lat="51.146973" lon="7.708101">
        <ele>514.746909</ele>
        <time>2026-05-16T22:05:29.168Z</time>
      </trkpt>
      <trkpt lat="51.147030" lon="7.707913">
        <ele>514.768038</ele>
        <time>2026-05-16T22:05:34.173Z</time>
      </trkpt>
      <trkpt lat="51.147124" lon="7.707037">
        <ele>514.857968</ele>
        <time>2026-05-16T22:05:55.365Z</time>
      </trkpt>
      <trkpt lat="51.147176" lon="7.706775">
        <ele>514.393907</ele>
        <time>2026-05-16T22:06:01.397Z</time>
      </trkpt>
      <trkpt lat="51.147389" lon="7.706122">
        <ele>512.850625</ele>
        <time>2026-05-16T22:06:15.485Z</time>
      </trkpt>
      <trkpt lat="51.147532" lon="7.705528">
        <ele>511.516533</ele>
        <time>2026-05-16T22:06:25.872Z</time>
      </trkpt>
      <trkpt lat="51.147608" lon="7.705331">
        <ele>511.031594</ele>
        <time>2026-05-16T22:06:29.422Z</time>
      </trkpt>
      <trkpt lat="51.147834" lon="7.705040">
        <ele>510.060527</ele>
        <time>2026-05-16T22:06:36.256Z</time>
      </trkpt>
      <trkpt lat="51.147973" lon="7.704962">
        <ele>509.567967</ele>
        <time>2026-05-16T22:06:39.610Z</time>
      </trkpt>
      <trkpt lat="51.148491" lon="7.704848">
        <ele>507.131130</ele>
        <time>2026-05-16T22:06:51.390Z</time>
      </trkpt>
      <trkpt lat="51.148772" lon="7.704871">
        <ele>505.562127</ele>
        <time>2026-05-16T22:06:57.835Z</time>
      </trkpt>
      <trkpt lat="51.149119" lon="7.704964">
        <ele>503.599996</ele>
        <time>2026-05-16T22:07:06.060Z</time>
      </trkpt>
      <trkpt lat="51.149208" lon="7.704957">
        <ele>503.103102</ele>
        <time>2026-05-16T22:07:08.179Z</time>
      </trkpt>
      <trkpt lat="51.149289" lon="7.704923">
        <ele>502.636027</ele>
        <time>2026-05-16T22:07:10.185Z</time>
      </trkpt>
      <trkpt lat="51.149401" lon="7.704799">
        <ele>501.875636</ele>
        <time>2026-05-16T22:07:13.464Z</time>
      </trkpt>
      <trkpt lat="51.149545" lon="7.704474">
        <ele>500.483809</ele>
        <time>2026-05-16T22:07:19.517Z</time>
      </trkpt>
      <trkpt lat="51.149709" lon="7.703473">
        <ele>498.849110</ele>
        <time>2026-05-16T22:07:35.539Z</time>
      </trkpt>
      <trkpt lat="51.149712" lon="7.703453">
        <ele>498.850132</ele>
        <time>2026-05-16T22:07:35.877Z</time>
      </trkpt>
      <trkpt lat="51.149804" lon="7.703189">
        <ele>498.865143</ele>
        <time>2026-05-16T22:07:41.057Z</time>
      </trkpt>
      <trkpt lat="51.149898" lon="7.703051">
        <ele>498.875269</ele>
        <time>2026-05-16T22:07:44.638Z</time>
      </trkpt>
      <trkpt lat="51.150046" lon="7.702905">
        <ele>498.889060</ele>
        <time>2026-05-16T22:07:49.794Z</time>
      </trkpt>
      <trkpt lat="51.150303" lon="7.702720">
        <ele>498.911403</ele>
        <time>2026-05-16T22:07:58.996Z</time>
      </trkpt>
      <trkpt lat="51.150157" lon="7.702403">
        <ele>498.930950</ele>
        <time>2026-05-16T22:08:05.850Z</time>
      </trkpt>
      <trkpt lat="51.149679" lon="7.701691">
        <ele>500.178442</ele>
        <time>2026-05-16T22:08:32.200Z</time>
      </trkpt>
      <trkpt lat="51.149361" lon="7.701106">
        <ele>502.643742</ele>
        <time>2026-05-16T22:09:00.577Z</time>
      </trkpt>
      <trkpt lat="51.149171" lon="7.700701">
        <ele>504.254396</ele>
        <time>2026-05-16T22:09:18.053Z</time>
      </trkpt>
      <trkpt lat="51.149000" lon="7.700468">
        <ele>505.396488</ele>
        <time>2026-05-16T22:09:29.129Z</time>
      </trkpt>
      <trkpt lat="51.148828" lon="7.700309">
        <ele>506.405938</ele>
        <time>2026-05-16T22:09:38.062Z</time>
      </trkpt>
      <trkpt lat="51.148627" lon="7.700206">
        <ele>507.477849</ele>
        <time>2026-05-16T22:09:46.540Z</time>
      </trkpt>
      <trkpt lat="51.147758" lon="7.699953">
        <ele>508.661115</ele>
        <time>2026-05-16T22:10:12.387Z</time>
      </trkpt>
      <trkpt lat="51.146913" lon="7.699790">
        <ele>509.293059</ele>
        <time>2026-05-16T22:10:29.660Z</time>
      </trkpt>
      <trkpt lat="51.146348" lon="7.699939">
        <ele>508.092557</ele>
        <time>2026-05-16T22:10:39.502Z</time>
      </trkpt>
      <trkpt lat="51.146286" lon="7.699970">
        <ele>507.867772</ele>
        <time>2026-05-16T22:10:40.564Z</time>
      </trkpt>
      <trkpt lat="51.146178" lon="7.700025">
        <ele>507.475556</ele>
        <time>2026-05-16T22:10:42.393Z</time>
      </trkpt>
      <trkpt lat="51.146030" lon="7.700177">
        <ele>506.866504</ele>
        <time>2026-05-16T22:10:45.169Z</time>
      </trkpt>
      <trkpt lat="51.145868" lon="7.700468">
        <ele>506.022171</ele>
        <time>2026-05-16T22:10:48.904Z</time>
      </trkpt>
      <trkpt lat="51.145721" lon="7.700907">
        <ele>504.942228</ele>
        <time>2026-05-16T22:10:53.566Z</time>
      </trkpt>
      <trkpt lat="51.145672" lon="7.701178">
        <ele>504.330160</ele>
        <time>2026-05-16T22:10:56.103Z</time>
      </trkpt>
      <trkpt lat="51.145617" lon="7.701318">
        <ele>503.971672</ele>
        <time>2026-05-16T22:10:57.561Z</time>
      </trkpt>
      <trkpt lat="51.145263" lon="7.701261">
        <ele>502.061153</ele>
        <time>2026-05-16T22:11:02.416Z</time>
      </trkpt>
      <trkpt lat="51.144959" lon="7.701162">
        <ele>499.428898</ele>
        <time>2026-05-16T22:11:06.580Z</time>
      </trkpt>
      <trkpt lat="51.144783" lon="7.701052">
        <ele>497.825131</ele>
        <time>2026-05-16T22:11:08.951Z</time>
      </trkpt>
      <trkpt lat="51.144598" lon="7.700877">
        <ele>496.000129</ele>
        <time>2026-05-16T22:11:11.630Z</time>
      </trkpt>
      <trkpt lat="51.143816" lon="7.699988">
        <ele>487.827568</ele>
        <time>2026-05-16T22:11:23.145Z</time>
      </trkpt>
      <trkpt lat="51.143684" lon="7.699549">
        <ele>484.602761</ele>
        <time>2026-05-16T22:11:26.747Z</time>
      </trkpt>
      <trkpt lat="51.143671" lon="7.699383">
        <ele>483.494596</ele>
        <time>2026-05-16T22:11:27.984Z</time>
      </trkpt>
      <trkpt lat="51.143727" lon="7.699134">
        <ele>481.742368</ele>
        <time>2026-05-16T22:11:29.944Z</time>
      </trkpt>
      <trkpt lat="51.143707" lon="7.699055">
        <ele>481.178048</ele>
        <time>2026-05-16T22:11:30.577Z</time>
      </trkpt>
      <trkpt lat="51.143728" lon="7.698991">
        <ele>480.699609</ele>
        <time>2026-05-16T22:11:31.527Z</time>
      </trkpt>
      <trkpt lat="51.143744" lon="7.698689">
        <ele>478.691957</ele>
        <time>2026-05-16T22:11:35.546Z</time>
      </trkpt>
      <trkpt lat="51.143720" lon="7.698509">
        <ele>477.472955</ele>
        <time>2026-05-16T22:11:37.997Z</time>
      </trkpt>
      <trkpt lat="51.143663" lon="7.698374">
        <ele>476.395012</ele>
        <time>2026-05-16T22:11:40.160Z</time>
      </trkpt>
      <trkpt lat="51.143652" lon="7.698029">
        <ele>474.106683</ele>
        <time>2026-05-16T22:11:44.741Z</time>
      </trkpt>
      <trkpt lat="51.143591" lon="7.697628">
        <ele>471.373370</ele>
        <time>2026-05-16T22:11:50.249Z</time>
      </trkpt>
      <trkpt lat="51.143360" lon="7.697115">
        <ele>468.048088</ele>
        <time>2026-05-16T22:11:58.708Z</time>
      </trkpt>
      <trkpt lat="51.143245" lon="7.696810">
        <ele>466.834363</ele>
        <time>2026-05-16T22:12:03.548Z</time>
      </trkpt>
      <trkpt lat="51.143209" lon="7.696618">
        <ele>466.150861</ele>
        <time>2026-05-16T22:12:06.319Z</time>
      </trkpt>
      <trkpt lat="51.143184" lon="7.696262">
        <ele>464.929019</ele>
        <time>2026-05-16T22:12:11.346Z</time>
      </trkpt>
      <trkpt lat="51.143256" lon="7.695933">
        <ele>463.740541</ele>
        <time>2026-05-16T22:12:16.435Z</time>
      </trkpt>
      <trkpt lat="51.143272" lon="7.695717">
        <ele>462.998683</ele>
        <time>2026-05-16T22:12:19.708Z</time>
      </trkpt>
      <trkpt lat="51.143361" lon="7.695558">
        <ele>462.271884</ele>
        <time>2026-05-16T22:12:21.530Z</time>
      </trkpt>
      <trkpt lat="51.143279" lon="7.695436">
        <ele>461.662047</ele>
        <time>2026-05-16T22:12:23.229Z</time>
      </trkpt>
      <trkpt lat="51.143210" lon="7.695175">
        <ele>460.696009</ele>
        <time>2026-05-16T22:12:26.044Z</time>
      </trkpt>
      <trkpt lat="51.143160" lon="7.693905">
        <ele>459.783928</ele>
        <time>2026-05-16T22:12:43.800Z</time>
      </trkpt>
      <trkpt lat="51.143104" lon="7.693282">
        <ele>460.243114</ele>
        <time>2026-05-16T22:12:56.937Z</time>
      </trkpt>
      <trkpt lat="51.143049" lon="7.692671">
        <ele>460.693469</ele>
        <time>2026-05-16T22:13:08.882Z</time>
      </trkpt>
      <trkpt lat="51.142951" lon="7.692286">
        <ele>460.996607</ele>
        <time>2026-05-16T22:13:15.640Z</time>
      </trkpt>
      <trkpt lat="51.142887" lon="7.692182">
        <ele>461.102896</ele>
        <time>2026-05-16T22:13:17.832Z</time>
      </trkpt>
      <trkpt lat="51.142806" lon="7.692119">
        <ele>461.207711</ele>
        <time>2026-05-16T22:13:19.920Z</time>
      </trkpt>
      <trkpt lat="51.142449" lon="7.691998">
        <ele>462.185629</ele>
        <time>2026-05-16T22:13:28.074Z</time>
      </trkpt>
      <trkpt lat="51.141734" lon="7.691655">
        <ele>464.386718</ele>
        <time>2026-05-16T22:13:49.362Z</time>
      </trkpt>
      <trkpt lat="51.141458" lon="7.691577">
        <ele>465.213009</ele>
        <time>2026-05-16T22:14:01.690Z</time>
      </trkpt>
      <trkpt lat="51.141150" lon="7.691519">
        <ele>466.127254</ele>
        <time>2026-05-16T22:14:15.766Z</time>
      </trkpt>
      <trkpt lat="51.140601" lon="7.691534">
        <ele>467.189748</ele>
        <time>2026-05-16T22:14:39.826Z</time>
      </trkpt>
      <trkpt lat="51.140502" lon="7.691505">
        <ele>467.345704</ele>
        <time>2026-05-16T22:14:44.226Z</time>
      </trkpt>
      <trkpt lat="51.140152" lon="7.690957">
        <ele>468.105862</ele>
        <time>2026-05-16T22:15:08.565Z</time>
      </trkpt>
      <trkpt lat="51.139558" lon="7.689668">
        <ele>469.182200</ele>
        <time>2026-05-16T22:15:36.921Z</time>
      </trkpt>
      <trkpt lat="51.139093" lon="7.688947">
        <ele>468.585519</ele>
        <time>2026-05-16T22:15:53.788Z</time>
      </trkpt>
      <trkpt lat="51.138662" lon="7.688392">
        <ele>468.075891</ele>
        <time>2026-05-16T22:16:09.601Z</time>
      </trkpt>
      <trkpt lat="51.138168" lon="7.687939">
        <ele>468.244713</ele>
        <time>2026-05-16T22:16:31.854Z</time>
      </trkpt>
      <trkpt lat="51.138083" lon="7.687824">
        <ele>468.602456</ele>
        <time>2026-05-16T22:16:37.259Z</time>
      </trkpt>
      <trkpt lat="51.138050" lon="7.687670">
        <ele>468.930070</ele>
        <time>2026-05-16T22:16:42.309Z</time>
      </trkpt>
      <trkpt lat="51.138082" lon="7.687335">
        <ele>469.612261</ele>
        <time>2026-05-16T22:16:53.221Z</time>
      </trkpt>
      <trkpt lat="51.138144" lon="7.687169">
        <ele>470.001177</ele>
        <time>2026-05-16T22:16:59.625Z</time>
      </trkpt>
      <trkpt lat="51.138214" lon="7.687134">
        <ele>470.236569</ele>
        <time>2026-05-16T22:17:03.589Z</time>
      </trkpt>
      <trkpt lat="51.138398" lon="7.687152">
        <ele>470.828054</ele>
        <time>2026-05-16T22:17:13.454Z</time>
      </trkpt>
      <trkpt lat="51.138992" lon="7.687393">
        <ele>472.794719</ele>
        <time>2026-05-16T22:17:45.922Z</time>
      </trkpt>
      <trkpt lat="51.139929" lon="7.687854">
        <ele>474.707557</ele>
        <time>2026-05-16T22:18:29.011Z</time>
      </trkpt>
      <trkpt lat="51.140159" lon="7.688050">
        <ele>475.125438</ele>
        <time>2026-05-16T22:18:38.074Z</time>
      </trkpt>
      <trkpt lat="51.140366" lon="7.688278">
        <ele>475.528592</ele>
        <time>2026-05-16T22:18:46.499Z</time>
      </trkpt>
      <trkpt lat="51.140965" lon="7.688999">
        <ele>476.424445</ele>
        <time>2026-05-16T22:19:13.212Z</time>
      </trkpt>
      <trkpt lat="51.141101" lon="7.689076">
        <ele>476.465107</ele>
        <time>2026-05-16T22:19:18.815Z</time>
      </trkpt>
      <trkpt lat="51.141337" lon="7.689141">
        <ele>476.532582</ele>
        <time>2026-05-16T22:19:28.145Z</time>
      </trkpt>
      <trkpt lat="51.141622" lon="7.689152">
        <ele>476.612901</ele>
        <time>2026-05-16T22:19:39.410Z</time>
      </trkpt>
      <trkpt lat="51.141825" lon="7.689046">
        <ele>476.673084</ele>
        <time>2026-05-16T22:19:47.929Z</time>
      </trkpt>
      <trkpt lat="51.142074" lon="7.688894">
        <ele>476.748206</ele>
        <time>2026-05-16T22:19:57.688Z</time>
      </trkpt>
      <trkpt lat="51.142774" lon="7.688339">
        <ele>475.382088</ele>
        <time>2026-05-16T22:20:19.559Z</time>
      </trkpt>
      <trkpt lat="51.142889" lon="7.688321">
        <ele>474.911989</ele>
        <time>2026-05-16T22:20:22.426Z</time>
      </trkpt>
      <trkpt lat="51.143526" lon="7.688650">
        <ele>472.187864</ele>
        <time>2026-05-16T22:20:38.281Z</time>
      </trkpt>
      <trkpt lat="51.143869" lon="7.688736">
        <ele>470.775296</ele>
        <time>2026-05-16T22:20:46.388Z</time>
      </trkpt>
      <trkpt lat="51.144239" lon="7.688774">
        <ele>469.449467</ele>
        <time>2026-05-16T22:20:55.362Z</time>
      </trkpt>
      <trkpt lat="51.144601" lon="7.688747">
        <ele>468.931278</ele>
        <time>2026-05-16T22:21:04.878Z</time>
      </trkpt>
      <trkpt lat="51.144935" lon="7.688639">
        <ele>468.443965</ele>
        <time>2026-05-16T22:21:14.757Z</time>
      </trkpt>
      <trkpt lat="51.145122" lon="7.688529">
        <ele>468.158948</ele>
        <time>2026-05-16T22:21:20.944Z</time>
      </trkpt>
      <trkpt lat="51.145220" lon="7.688422">
        <ele>467.989098</ele>
        <time>2026-05-16T22:21:24.639Z</time>
      </trkpt>
      <trkpt lat="51.145265" lon="7.688294">
        <ele>467.857476</ele>
        <time>2026-05-16T22:21:27.563Z</time>
      </trkpt>
      <trkpt lat="51.145273" lon="7.688109">
        <ele>467.691129</ele>
        <time>2026-05-16T22:21:31.241Z</time>
      </trkpt>
      <trkpt lat="51.145182" lon="7.687330">
        <ele>466.980321</ele>
        <time>2026-05-16T22:21:47.086Z</time>
      </trkpt>
      <trkpt lat="51.145019" lon="7.686351">
        <ele>466.182405</ele>
        <time>2026-05-16T22:22:05.984Z</time>
      </trkpt>
      <trkpt lat="51.144907" lon="7.685890">
        <ele>465.793192</ele>
        <time>2026-05-16T22:22:14.634Z</time>
      </trkpt>
      <trkpt lat="51.144781" lon="7.685622">
        <ele>465.529518</ele>
        <time>2026-05-16T22:22:20.350Z</time>
      </trkpt>
      <trkpt lat="51.144603" lon="7.685405">
        <ele>465.248291</ele>
        <time>2026-05-16T22:22:26.402Z</time>
      </trkpt>
      <trkpt lat="51.144413" lon="7.685295">
        <ele>464.994607</ele>
        <time>2026-05-16T22:22:31.854Z</time>
      </trkpt>
      <trkpt lat="51.143167" lon="7.685066">
        <ele>465.956576</ele>
        <time>2026-05-16T22:23:09.208Z</time>
      </trkpt>
      <trkpt lat="51.141982" lon="7.684985">
        <ele>469.613297</ele>
        <time>2026-05-16T22:24:09.746Z</time>
      </trkpt>
      <trkpt lat="51.141319" lon="7.685022">
        <ele>473.923056</ele>
        <time>2026-05-16T22:24:53.407Z</time>
      </trkpt>
      <trkpt lat="51.141005" lon="7.684962">
        <ele>475.977535</ele>
        <time>2026-05-16T22:25:15.455Z</time>
      </trkpt>
      <trkpt lat="51.140561" lon="7.684803">
        <ele>478.933391</ele>
        <time>2026-05-16T22:25:48.857Z</time>
      </trkpt>
      <trkpt lat="51.140173" lon="7.684612">
        <ele>481.568299</ele>
        <time>2026-05-16T22:26:19.005Z</time>
      </trkpt>
      <trkpt lat="51.139867" lon="7.684380">
        <ele>483.766997</ele>
        <time>2026-05-16T22:26:43.403Z</time>
      </trkpt>
      <trkpt lat="51.139500" lon="7.684002">
        <ele>486.602263</ele>
        <time>2026-05-16T22:27:12.565Z</time>
      </trkpt>
      <trkpt lat="51.139100" lon="7.683521">
        <ele>489.853543</ele>
        <time>2026-05-16T22:27:42.408Z</time>
      </trkpt>
      <trkpt lat="51.138217" lon="7.682208">
        <ele>491.004462</ele>
        <time>2026-05-16T22:28:31.117Z</time>
      </trkpt>
      <trkpt lat="51.137776" lon="7.681412">
        <ele>491.371691</ele>
        <time>2026-05-16T22:28:49.422Z</time>
      </trkpt>
      <trkpt lat="51.137587" lon="7.681010">
        <ele>490.112058</ele>
        <time>2026-05-16T22:28:57.723Z</time>
      </trkpt>
      <trkpt lat="51.137584" lon="7.680871">
        <ele>489.763298</ele>
        <time>2026-05-16T22:28:59.988Z</time>
      </trkpt>
      <trkpt lat="51.137645" lon="7.680608">
        <ele>489.060189</ele>
        <time>2026-05-16T22:29:04.487Z</time>
      </trkpt>
      <trkpt lat="51.137704" lon="7.680431">
        <ele>488.557604</ele>
        <time>2026-05-16T22:29:07.701Z</time>
      </trkpt>
      <trkpt lat="51.137751" lon="7.680430">
        <ele>488.369755</ele>
        <time>2026-05-16T22:29:08.903Z</time>
      </trkpt>
      <trkpt lat="51.138775" lon="7.681171">
        <ele>483.722332</ele>
        <time>2026-05-16T22:29:36.290Z</time>
      </trkpt>
      <trkpt lat="51.139171" lon="7.681373">
        <ele>481.391954</ele>
        <time>2026-05-16T22:29:45.944Z</time>
      </trkpt>
      <trkpt lat="51.139687" lon="7.682182">
        <ele>477.335189</ele>
        <time>2026-05-16T22:30:02.532Z</time>
      </trkpt>
      <trkpt lat="51.139916" lon="7.682615">
        <ele>475.343752</ele>
        <time>2026-05-16T22:30:10.820Z</time>
      </trkpt>
      <trkpt lat="51.140503" lon="7.683195">
        <ele>473.283494</ele>
        <time>2026-05-16T22:30:28.278Z</time>
      </trkpt>
      <trkpt lat="51.140721" lon="7.683284">
        <ele>472.867497</ele>
        <time>2026-05-16T22:30:34.438Z</time>
      </trkpt>
      <trkpt lat="51.140908" lon="7.683186">
        <ele>472.503610</ele>
        <time>2026-05-16T22:30:40.067Z</time>
      </trkpt>
      <trkpt lat="51.141252" lon="7.682580">
        <ele>471.555795</ele>
        <time>2026-05-16T22:30:55.022Z</time>
      </trkpt>
      <trkpt lat="51.141382" lon="7.682433">
        <ele>471.261147</ele>
        <time>2026-05-16T22:30:59.921Z</time>
      </trkpt>
      <trkpt lat="51.141438" lon="7.682439">
        <ele>471.157394</ele>
        <time>2026-05-16T22:31:01.717Z</time>
      </trkpt>
      <trkpt lat="51.141503" lon="7.682528">
        <ele>470.998989</ele>
        <time>2026-05-16T22:31:04.510Z</time>
      </trkpt>
      <trkpt lat="51.141661" lon="7.682864">
        <ele>470.914706</ele>
        <time>2026-05-16T22:31:13.295Z</time>
      </trkpt>
      <trkpt lat="51.141770" lon="7.683042">
        <ele>470.970259</ele>
        <time>2026-05-16T22:31:18.521Z</time>
      </trkpt>
      <trkpt lat="51.141858" lon="7.683108">
        <ele>471.004881</ele>
        <time>2026-05-16T22:31:21.768Z</time>
      </trkpt>
      <trkpt lat="51.141963" lon="7.683125">
        <ele>471.042453</ele>
        <time>2026-05-16T22:31:25.366Z</time>
      </trkpt>
      <trkpt lat="51.142458" lon="7.683025">
        <ele>471.220077</ele>
        <time>2026-05-16T22:31:41.859Z</time>
      </trkpt>
      <trkpt lat="51.143192" lon="7.682955">
        <ele>471.481841</ele>
        <time>2026-05-16T22:32:05.399Z</time>
      </trkpt>
      <trkpt lat="51.143651" lon="7.683010">
        <ele>472.868033</ele>
        <time>2026-05-16T22:32:22.686Z</time>
      </trkpt>
      <trkpt lat="51.144195" lon="7.683123">
        <ele>474.596251</ele>
        <time>2026-05-16T22:32:50.464Z</time>
      </trkpt>
      <trkpt lat="51.144323" lon="7.683097">
        <ele>475.002742</ele>
        <time>2026-05-16T22:32:57.608Z</time>
      </trkpt>
      <trkpt lat="51.144423" lon="7.683023">
        <ele>475.350058</ele>
        <time>2026-05-16T22:33:03.956Z</time>
      </trkpt>
      <trkpt lat="51.144502" lon="7.682863">
        <ele>475.752458</ele>
        <time>2026-05-16T22:33:11.545Z</time>
      </trkpt>
      <trkpt lat="51.144543" lon="7.682673">
        <ele>476.149552</ele>
        <time>2026-05-16T22:33:19.012Z</time>
      </trkpt>
      <trkpt lat="51.144550" lon="7.682487">
        <ele>476.517809</ele>
        <time>2026-05-16T22:33:25.598Z</time>
      </trkpt>
      <trkpt lat="51.144535" lon="7.682227">
        <ele>477.033822</ele>
        <time>2026-05-16T22:33:34.639Z</time>
      </trkpt>
      <trkpt lat="51.144483" lon="7.681966">
        <ele>476.773317</ele>
        <time>2026-05-16T22:33:43.620Z</time>
      </trkpt>
      <trkpt lat="51.144307" lon="7.681261">
        <ele>475.402967</ele>
        <time>2026-05-16T22:34:03.956Z</time>
      </trkpt>
      <trkpt lat="51.144325" lon="7.681163">
        <ele>475.218547</ele>
        <time>2026-05-16T22:34:05.942Z</time>
      </trkpt>
      <trkpt lat="51.144425" lon="7.681118">
        <ele>474.919419</ele>
        <time>2026-05-16T22:34:09.015Z</time>
      </trkpt>
      <trkpt lat="51.144754" lon="7.681193">
        <ele>473.962669</ele>
        <time>2026-05-16T22:34:17.531Z</time>
      </trkpt>
      <trkpt lat="51.145490" lon="7.681093">
        <ele>471.630025</ele>
        <time>2026-05-16T22:34:33.876Z</time>
      </trkpt>
      <trkpt lat="51.145660" lon="7.681116">
        <ele>470.425899</ele>
        <time>2026-05-16T22:34:37.527Z</time>
      </trkpt>
      <trkpt lat="51.145777" lon="7.681304">
        <ele>469.253407</ele>
        <time>2026-05-16T22:34:41.093Z</time>
      </trkpt>
      <trkpt lat="51.146002" lon="7.681936">
        <ele>466.035984</ele>
        <time>2026-05-16T22:34:51.018Z</time>
      </trkpt>
      <trkpt lat="51.146109" lon="7.682311">
        <ele>464.211974</ele>
        <time>2026-05-16T22:34:56.820Z</time>
      </trkpt>
      <trkpt lat="51.146244" lon="7.683617">
        <ele>458.962807</ele>
        <time>2026-05-16T22:35:16.717Z</time>
      </trkpt>
      <trkpt lat="51.146350" lon="7.684241">
        <ele>457.976909</ele>
        <time>2026-05-16T22:35:27.444Z</time>
      </trkpt>
      <trkpt lat="51.146755" lon="7.685370">
        <ele>455.993524</ele>
        <time>2026-05-16T22:35:51.781Z</time>
      </trkpt>
      <trkpt lat="51.147013" lon="7.685743">
        <ele>455.146797</ele>
        <time>2026-05-16T22:36:01.445Z</time>
      </trkpt>
      <trkpt lat="51.147225" lon="7.685916">
        <ele>454.331165</ele>
        <time>2026-05-16T22:36:07.622Z</time>
      </trkpt>
      <trkpt lat="51.147531" lon="7.686049">
        <ele>453.029119</ele>
        <time>2026-05-16T22:36:15.371Z</time>
      </trkpt>
      <trkpt lat="51.147491" lon="7.686244">
        <ele>452.500778</ele>
        <time>2026-05-16T22:36:18.415Z</time>
      </trkpt>
      <trkpt lat="51.147431" lon="7.686288">
        <ele>452.229653</ele>
        <time>2026-05-16T22:36:19.982Z</time>
      </trkpt>
      <trkpt lat="51.147210" lon="7.686336">
        <ele>451.314024</ele>
        <time>2026-05-16T22:36:25.289Z</time>
      </trkpt>
      <trkpt lat="51.147148" lon="7.686442">
        <ele>450.940796</ele>
        <time>2026-05-16T22:36:27.433Z</time>
      </trkpt>
      <trkpt lat="51.147128" lon="7.686610">
        <ele>450.500427</ele>
        <time>2026-05-16T22:36:29.983Z</time>
      </trkpt>
      <trkpt lat="51.147207" lon="7.687054">
        <ele>449.311901</ele>
        <time>2026-05-16T22:36:36.832Z</time>
      </trkpt>
      <trkpt lat="51.147257" lon="7.687211">
        <ele>448.858465</ele>
        <time>2026-05-16T22:36:39.439Z</time>
      </trkpt>
      <trkpt lat="51.147364" lon="7.687287">
        <ele>448.377578</ele>
        <time>2026-05-16T22:36:42.236Z</time>
      </trkpt>
      <trkpt lat="51.147605" lon="7.687350">
        <ele>447.616197</ele>
        <time>2026-05-16T22:36:48.299Z</time>
      </trkpt>
      <trkpt lat="51.147781" lon="7.687199">
        <ele>448.091907</ele>
        <time>2026-05-16T22:36:51.322Z</time>
      </trkpt>
      <trkpt lat="51.148324" lon="7.686829">
        <ele>449.497406</ele>
        <time>2026-05-16T22:37:06.602Z</time>
      </trkpt>
      <trkpt lat="51.148492" lon="7.686747">
        <ele>449.915581</ele>
        <time>2026-05-16T22:37:13.951Z</time>
      </trkpt>
      <trkpt lat="51.148545" lon="7.686699">
        <ele>450.060662</ele>
        <time>2026-05-16T22:37:16.720Z</time>
      </trkpt>
      <trkpt lat="51.148625" lon="7.686626">
        <ele>450.280055</ele>
        <time>2026-05-16T22:37:20.832Z</time>
      </trkpt>
      <trkpt lat="51.148704" lon="7.686492">
        <ele>450.554609</ele>
        <time>2026-05-16T22:37:26.207Z</time>
      </trkpt>
      <trkpt lat="51.148798" lon="7.686191">
        <ele>451.056619</ele>
        <time>2026-05-16T22:37:36.323Z</time>
      </trkpt>
      <trkpt lat="51.148946" lon="7.685402">
        <ele>452.286664</ele>
        <time>2026-05-16T22:38:01.604Z</time>
      </trkpt>
      <trkpt lat="51.149134" lon="7.684165">
        <ele>454.188995</ele>
        <time>2026-05-16T22:38:34.084Z</time>
      </trkpt>
      <trkpt lat="51.149199" lon="7.682865">
        <ele>456.018924</ele>
        <time>2026-05-16T22:38:51.051Z</time>
      </trkpt>
      <trkpt lat="51.149219" lon="7.682740">
        <ele>455.689940</ele>
        <time>2026-05-16T22:38:52.301Z</time>
      </trkpt>
      <trkpt lat="51.149256" lon="7.682663">
        <ele>455.442581</ele>
        <time>2026-05-16T22:38:53.218Z</time>
      </trkpt>
      <trkpt lat="51.149325" lon="7.682626">
        <ele>455.146621</ele>
        <time>2026-05-16T22:38:54.298Z</time>
      </trkpt>
      <trkpt lat="51.149444" lon="7.682644">
        <ele>454.660661</ele>
        <time>2026-05-16T22:38:56.004Z</time>
      </trkpt>
      <trkpt lat="51.149573" lon="7.682857">
        <ele>453.905613</ele>
        <time>2026-05-16T22:38:58.594Z</time>
      </trkpt>
      <trkpt lat="51.149600" lon="7.683051">
        <ele>453.398843</ele>
        <time>2026-05-16T22:39:00.309Z</time>
      </trkpt>
      <trkpt lat="51.149609" lon="7.683306">
        <ele>452.747512</ele>
        <time>2026-05-16T22:39:02.485Z</time>
      </trkpt>
      <trkpt lat="51.149551" lon="7.684937">
        <ele>448.583534</ele>
        <time>2026-05-16T22:39:15.923Z</time>
      </trkpt>
      <trkpt lat="51.149598" lon="7.685991">
        <ele>445.916842</ele>
        <time>2026-05-16T22:39:24.874Z</time>
      </trkpt>
      <trkpt lat="51.149652" lon="7.686104">
        <ele>445.558339</ele>
        <time>2026-05-16T22:39:26.091Z</time>
      </trkpt>
      <trkpt lat="51.149684" lon="7.686262">
        <ele>445.139327</ele>
        <time>2026-05-16T22:39:27.518Z</time>
      </trkpt>
      <trkpt lat="51.149867" lon="7.686512">
        <ele>444.169731</ele>
        <time>2026-05-16T22:39:30.801Z</time>
      </trkpt>
      <trkpt lat="51.150229" lon="7.686769">
        <ele>442.575448</ele>
        <time>2026-05-16T22:39:36.170Z</time>
      </trkpt>
      <trkpt lat="51.150613" lon="7.687041">
        <ele>441.370140</ele>
        <time>2026-05-16T22:39:42.582Z</time>
      </trkpt>
      <trkpt lat="51.151057" lon="7.687443">
        <ele>440.824668</ele>
        <time>2026-05-16T22:39:51.828Z</time>
      </trkpt>
      <trkpt lat="51.151219" lon="7.687482">
        <ele>440.649645</ele>
        <time>2026-05-16T22:39:55.370Z</time>
      </trkpt>
      <trkpt lat="51.151399" lon="7.687437">
        <ele>440.455006</ele>
        <time>2026-05-16T22:39:59.485Z</time>
      </trkpt>
      <trkpt lat="51.151747" lon="7.687081">
        <ele>440.013290</ele>
        <time>2026-05-16T22:40:07.310Z</time>
      </trkpt>
      <trkpt lat="51.151953" lon="7.686870">
        <ele>439.751720</ele>
        <time>2026-05-16T22:40:11.564Z</time>
      </trkpt>
      <trkpt lat="51.152178" lon="7.686777">
        <ele>438.938323</ele>
        <time>2026-05-16T22:40:15.364Z</time>
      </trkpt>
      <trkpt lat="51.152299" lon="7.686764">
        <ele>438.202252</ele>
        <time>2026-05-16T22:40:17.229Z</time>
      </trkpt>
      <trkpt lat="51.152402" lon="7.686799">
        <ele>437.563054</ele>
        <time>2026-05-16T22:40:18.740Z</time>
      </trkpt>
      <trkpt lat="51.152480" lon="7.686883">
        <ele>436.991746</ele>
        <time>2026-05-16T22:40:20.045Z</time>
      </trkpt>
      <trkpt lat="51.152563" lon="7.687100">
        <ele>436.024131</ele>
        <time>2026-05-16T22:40:22.149Z</time>
      </trkpt>
      <trkpt lat="51.152572" lon="7.687248">
        <ele>435.458044</ele>
        <time>2026-05-16T22:40:23.353Z</time>
      </trkpt>
      <trkpt lat="51.152414" lon="7.688709">
        <ele>429.813847</ele>
        <time>2026-05-16T22:40:34.736Z</time>
      </trkpt>
      <trkpt lat="51.152414" lon="7.688867">
        <ele>429.212329</ele>
        <time>2026-05-16T22:40:35.946Z</time>
      </trkpt>
      <trkpt lat="51.152443" lon="7.689001">
        <ele>428.670090</ele>
        <time>2026-05-16T22:40:37.040Z</time>
      </trkpt>
      <trkpt lat="51.153374" lon="7.690420">
        <ele>420.270536</ele>
        <time>2026-05-16T22:40:53.507Z</time>
      </trkpt>
      <trkpt lat="51.154078" lon="7.691724">
        <ele>414.100469</ele>
        <time>2026-05-16T22:41:07.527Z</time>
      </trkpt>
      <trkpt lat="51.154201" lon="7.691951">
        <ele>413.157717</ele>
        <time>2026-05-16T22:41:09.946Z</time>
      </trkpt>
      <trkpt lat="51.154322" lon="7.692137">
        <ele>412.315530</ele>
        <time>2026-05-16T22:41:12.123Z</time>
      </trkpt>
      <trkpt lat="51.155338" lon="7.692977">
        <ele>407.332013</ele>
        <time>2026-05-16T22:41:27.834Z</time>
      </trkpt>
      <trkpt lat="51.155533" lon="7.693043">
        <ele>406.874993</ele>
        <time>2026-05-16T22:41:30.717Z</time>
      </trkpt>
      <trkpt lat="51.155910" lon="7.692988">
        <ele>406.007071</ele>
        <time>2026-05-16T22:41:36.472Z</time>
      </trkpt>
      <trkpt lat="51.156262" lon="7.693121">
        <ele>405.177724</ele>
        <time>2026-05-16T22:41:42.200Z</time>
      </trkpt>
      <trkpt lat="51.156366" lon="7.693181">
        <ele>404.924164</ele>
        <time>2026-05-16T22:41:44.024Z</time>
      </trkpt>
      <trkpt lat="51.156520" lon="7.693313">
        <ele>404.523318</ele>
        <time>2026-05-16T22:41:46.949Z</time>
      </trkpt>
      <trkpt lat="51.156700" lon="7.693130">
        <ele>404.033893</ele>
        <time>2026-05-16T22:41:50.499Z</time>
      </trkpt>
      <trkpt lat="51.158550" lon="7.691503">
        <ele>401.290602</ele>
        <time>2026-05-16T22:42:25.030Z</time>
      </trkpt>
      <trkpt lat="51.158615" lon="7.691447">
        <ele>401.238692</ele>
        <time>2026-05-16T22:42:26.235Z</time>
      </trkpt>
      <trkpt lat="51.158803" lon="7.691358">
        <ele>401.100905</ele>
        <time>2026-05-16T22:42:29.454Z</time>
      </trkpt>
      <trkpt lat="51.158949" lon="7.691339">
        <ele>400.997984</ele>
        <time>2026-05-16T22:42:31.902Z</time>
      </trkpt>
      <trkpt lat="51.159178" lon="7.691368">
        <ele>400.836582</ele>
        <time>2026-05-16T22:42:35.797Z</time>
      </trkpt>
      <trkpt lat="51.159349" lon="7.691461">
        <ele>400.709641</ele>
        <time>2026-05-16T22:42:38.964Z</time>
      </trkpt>
      <trkpt lat="51.159564" lon="7.691633">
        <ele>400.540635</ele>
        <time>2026-05-16T22:42:43.282Z</time>
      </trkpt>
      <trkpt lat="51.159782" lon="7.691874">
        <ele>400.354256</ele>
        <time>2026-05-16T22:42:48.241Z</time>
      </trkpt>
      <trkpt lat="51.160554" lon="7.692804">
        <ele>400.234095</ele>
        <time>2026-05-16T22:43:07.159Z</time>
      </trkpt>
      <trkpt lat="51.160751" lon="7.692919">
        <ele>400.247094</ele>
        <time>2026-05-16T22:43:11.676Z</time>
      </trkpt>
      <trkpt lat="51.161198" lon="7.693104">
        <ele>400.275710</ele>
        <time>2026-05-16T22:43:21.381Z</time>
      </trkpt>
      <trkpt lat="51.161608" lon="7.693197">
        <ele>400.267397</ele>
        <time>2026-05-16T22:43:29.621Z</time>
      </trkpt>
      <trkpt lat="51.161895" lon="7.693183">
        <ele>399.773286</ele>
        <time>2026-05-16T22:43:34.865Z</time>
      </trkpt>
      <trkpt lat="51.162807" lon="7.692937">
        <ele>398.181588</ele>
        <time>2026-05-16T22:43:49.521Z</time>
      </trkpt>
      <trkpt lat="51.162801" lon="7.693222">
        <ele>397.873856</ele>
        <time>2026-05-16T22:43:52.181Z</time>
      </trkpt>
      <trkpt lat="51.162872" lon="7.693423">
        <ele>397.624903</ele>
        <time>2026-05-16T22:43:54.319Z</time>
      </trkpt>
      <trkpt lat="51.162917" lon="7.693541">
        <ele>397.475866</ele>
        <time>2026-05-16T22:43:55.599Z</time>
      </trkpt>
      <trkpt lat="51.163095" lon="7.693865">
        <ele>397.058611</ele>
        <time>2026-05-16T22:43:59.473Z</time>
      </trkpt>
      <trkpt lat="51.163229" lon="7.693950">
        <ele>396.871319</ele>
        <time>2026-05-16T22:44:01.537Z</time>
      </trkpt>
      <trkpt lat="51.163550" lon="7.694007">
        <ele>396.451851</ele>
        <time>2026-05-16T22:44:06.227Z</time>
      </trkpt>
      <trkpt lat="51.163751" lon="7.694165">
        <ele>396.160815</ele>
        <time>2026-05-16T22:44:09.635Z</time>
      </trkpt>
      <trkpt lat="51.164125" lon="7.694579">
        <ele>395.569535</ele>
        <time>2026-05-16T22:44:17.188Z</time>
      </trkpt>
      <trkpt lat="51.164446" lon="7.694871">
        <ele>395.089586</ele>
        <time>2026-05-16T22:44:24.832Z</time>
      </trkpt>
      <trkpt lat="51.164878" lon="7.695126">
        <ele>395.131208</ele>
        <time>2026-05-16T22:44:35.959Z</time>
      </trkpt>
      <trkpt lat="51.165586" lon="7.695419">
        <ele>395.790424</ele>
        <time>2026-05-16T22:44:54.603Z</time>
      </trkpt>
      <trkpt lat="51.166015" lon="7.695422">
        <ele>396.177061</ele>
        <time>2026-05-16T22:45:04.738Z</time>
      </trkpt>
      <trkpt lat="51.166475" lon="7.695322">
        <ele>396.553961</ele>
        <time>2026-05-16T22:45:14.793Z</time>
      </trkpt>
      <trkpt lat="51.166560" lon="7.695271">
        <ele>396.603570</ele>
        <time>2026-05-16T22:45:16.704Z</time>
      </trkpt>
      <trkpt lat="51.166850" lon="7.695244">
        <ele>396.762253</ele>
        <time>2026-05-16T22:45:23.361Z</time>
      </trkpt>
      <trkpt lat="51.167327" lon="7.695342">
        <ele>397.024969</ele>
        <time>2026-05-16T22:45:35.842Z</time>
      </trkpt>
      <trkpt lat="51.167564" lon="7.695470">
        <ele>397.161653</ele>
        <time>2026-05-16T22:45:41.741Z</time>
      </trkpt>
      <trkpt lat="51.167749" lon="7.695802">
        <ele>397.313785</ele>
        <time>2026-05-16T22:45:47.406Z</time>
      </trkpt>
      <trkpt lat="51.167861" lon="7.695935">
        <ele>397.390063</ele>
        <time>2026-05-16T22:45:49.927Z</time>
      </trkpt>
      <trkpt lat="51.167931" lon="7.695970">
        <ele>397.430136</ele>
        <time>2026-05-16T22:45:51.276Z</time>
      </trkpt>
      <trkpt lat="51.168192" lon="7.696021">
        <ele>397.236527</ele>
        <time>2026-05-16T22:45:56.019Z</time>
      </trkpt>
      <trkpt lat="51.168269" lon="7.695976">
        <ele>397.131995</ele>
        <time>2026-05-16T22:45:57.501Z</time>
      </trkpt>
      <trkpt lat="51.168444" lon="7.695742">
        <ele>396.840897</ele>
        <time>2026-05-16T22:46:01.615Z</time>
      </trkpt>
      <trkpt lat="51.168671" lon="7.695196">
        <ele>396.317290</ele>
        <time>2026-05-16T22:46:08.687Z</time>
      </trkpt>
      <trkpt lat="51.169098" lon="7.694128">
        <ele>395.304926</ele>
        <time>2026-05-16T22:46:20.997Z</time>
      </trkpt>
      <trkpt lat="51.169173" lon="7.693940">
        <ele>395.069830</ele>
        <time>2026-05-16T22:46:23.148Z</time>
      </trkpt>
      <trkpt lat="51.169264" lon="7.693496">
        <ele>394.295664</ele>
        <time>2026-05-16T22:46:27.681Z</time>
      </trkpt>
      <trkpt lat="51.169342" lon="7.692383">
        <ele>392.439579</ele>
        <time>2026-05-16T22:46:37.890Z</time>
      </trkpt>
      <trkpt lat="51.169309" lon="7.690710">
        <ele>390.266235</ele>
        <time>2026-05-16T22:46:53.240Z</time>
      </trkpt>
      <trkpt lat="51.169334" lon="7.690403">
        <ele>390.158550</ele>
        <time>2026-05-16T22:46:56.308Z</time>
      </trkpt>
      <trkpt lat="51.169419" lon="7.689931">
        <ele>389.987730</ele>
        <time>2026-05-16T22:47:01.198Z</time>
      </trkpt>
      <trkpt lat="51.169474" lon="7.689799">
        <ele>389.932601</ele>
        <time>2026-05-16T22:47:02.783Z</time>
      </trkpt>
      <trkpt lat="51.169722" lon="7.689484">
        <ele>389.756720</ele>
        <time>2026-05-16T22:47:08.403Z</time>
      </trkpt>
      <trkpt lat="51.169768" lon="7.689387">
        <ele>389.714416</ele>
        <time>2026-05-16T22:47:10.106Z</time>
      </trkpt>
      <trkpt lat="51.169845" lon="7.689059">
        <ele>389.592589</ele>
        <time>2026-05-16T22:47:15.569Z</time>
      </trkpt>
      <trkpt lat="51.169839" lon="7.688859">
        <ele>389.522941</ele>
        <time>2026-05-16T22:47:19.091Z</time>
      </trkpt>
      <trkpt lat="51.169719" lon="7.688316">
        <ele>389.831225</ele>
        <time>2026-05-16T22:47:30.070Z</time>
      </trkpt>
      <trkpt lat="51.169743" lon="7.687962">
        <ele>390.305399</ele>
        <time>2026-05-16T22:47:37.328Z</time>
      </trkpt>
      <trkpt lat="51.169812" lon="7.687764">
        <ele>390.607066</ele>
        <time>2026-05-16T22:47:41.949Z</time>
      </trkpt>
      <trkpt lat="51.170221" lon="7.686992">
        <ele>391.952996</ele>
        <time>2026-05-16T22:48:02.817Z</time>
      </trkpt>
      <trkpt lat="51.170398" lon="7.686575">
        <ele>392.623592</ele>
        <time>2026-05-16T22:48:13.426Z</time>
      </trkpt>
      <trkpt lat="51.170524" lon="7.686189">
        <ele>393.203113</ele>
        <time>2026-05-16T22:48:21.319Z</time>
      </trkpt>
      <trkpt lat="51.170629" lon="7.685741">
        <ele>393.206488</ele>
        <time>2026-05-16T22:48:28.316Z</time>
      </trkpt>
      <trkpt lat="51.170839" lon="7.684298">
        <ele>393.067745</ele>
        <time>2026-05-16T22:48:43.943Z</time>
      </trkpt>
      <trkpt lat="51.170948" lon="7.683795">
        <ele>393.017900</ele>
        <time>2026-05-16T22:48:49.574Z</time>
      </trkpt>
      <trkpt lat="51.171176" lon="7.683024">
        <ele>393.317158</ele>
        <time>2026-05-16T22:48:59.893Z</time>
      </trkpt>
      <trkpt lat="51.171293" lon="7.682799">
        <ele>393.540582</ele>
        <time>2026-05-16T22:49:04.166Z</time>
      </trkpt>
      <trkpt lat="51.171881" lon="7.681980">
        <ele>394.492241</ele>
        <time>2026-05-16T22:49:25.964Z</time>
      </trkpt>
      <trkpt lat="51.172692" lon="7.681221">
        <ele>395.833697</ele>
        <time>2026-05-16T22:49:51.788Z</time>
      </trkpt>
      <trkpt lat="51.173464" lon="7.680650">
        <ele>397.305133</ele>
        <time>2026-05-16T22:50:16.684Z</time>
      </trkpt>
      <trkpt lat="51.173631" lon="7.680567">
        <ele>397.607592</ele>
        <time>2026-05-16T22:50:22.244Z</time>
      </trkpt>
      <trkpt lat="51.173775" lon="7.680559">
        <ele>397.856738</ele>
        <time>2026-05-16T22:50:26.617Z</time>
      </trkpt>
      <trkpt lat="51.173895" lon="7.680606">
        <ele>398.070398</ele>
        <time>2026-05-16T22:50:30.248Z</time>
      </trkpt>
      <trkpt lat="51.174054" lon="7.680730">
        <ele>398.189191</ele>
        <time>2026-05-16T22:50:34.894Z</time>
      </trkpt>
      <trkpt lat="51.174201" lon="7.680921">
        <ele>397.865921</ele>
        <time>2026-05-16T22:50:39.221Z</time>
      </trkpt>
      <trkpt lat="51.174324" lon="7.681026">
        <ele>397.628060</ele>
        <time>2026-05-16T22:50:41.929Z</time>
      </trkpt>
      <trkpt lat="51.174540" lon="7.681039">
        <ele>397.259518</ele>
        <time>2026-05-16T22:50:45.776Z</time>
      </trkpt>
      <trkpt lat="51.174697" lon="7.680986">
        <ele>396.985904</ele>
        <time>2026-05-16T22:50:48.392Z</time>
      </trkpt>
      <trkpt lat="51.174820" lon="7.680791">
        <ele>396.690220</ele>
        <time>2026-05-16T22:50:51.063Z</time>
      </trkpt>
      <trkpt lat="51.174890" lon="7.680500">
        <ele>396.357048</ele>
        <time>2026-05-16T22:50:53.929Z</time>
      </trkpt>
      <trkpt lat="51.174900" lon="7.680326">
        <ele>396.170272</ele>
        <time>2026-05-16T22:50:55.494Z</time>
      </trkpt>
      <trkpt lat="51.174846" lon="7.679579">
        <ele>395.366483</ele>
        <time>2026-05-16T22:51:02.018Z</time>
      </trkpt>
      <trkpt lat="51.174852" lon="7.679418">
        <ele>395.201544</ele>
        <time>2026-05-16T22:51:03.411Z</time>
      </trkpt>
      <trkpt lat="51.174882" lon="7.679267">
        <ele>395.091303</ele>
        <time>2026-05-16T22:51:04.785Z</time>
      </trkpt>
      <trkpt lat="51.174996" lon="7.678988">
        <ele>394.859529</ele>
        <time>2026-05-16T22:51:07.720Z</time>
      </trkpt>
      <trkpt lat="51.175260" lon="7.678720">
        <ele>394.512145</ele>
        <time>2026-05-16T22:51:12.393Z</time>
      </trkpt>
      <trkpt lat="51.175823" lon="7.678365">
        <ele>393.840100</ele>
        <time>2026-05-16T22:51:23.386Z</time>
      </trkpt>
      <trkpt lat="51.176045" lon="7.678275">
        <ele>393.585824</ele>
        <time>2026-05-16T22:51:28.756Z</time>
      </trkpt>
      <trkpt lat="51.176461" lon="7.678169">
        <ele>393.353630</ele>
        <time>2026-05-16T22:51:38.632Z</time>
      </trkpt>
      <trkpt lat="51.176978" lon="7.678160">
        <ele>394.122492</ele>
        <time>2026-05-16T22:51:49.230Z</time>
      </trkpt>
      <trkpt lat="51.177204" lon="7.678191">
        <ele>394.459810</ele>
        <time>2026-05-16T22:51:53.715Z</time>
      </trkpt>
      <trkpt lat="51.177756" lon="7.678349">
        <ele>395.293785</ele>
        <time>2026-05-16T22:52:07.700Z</time>
      </trkpt>
      <trkpt lat="51.177962" lon="7.678490">
        <ele>395.627133</ele>
        <time>2026-05-16T22:52:15.037Z</time>
      </trkpt>
      <trkpt lat="51.178160" lon="7.678745">
        <ele>396.223720</ele>
        <time>2026-05-16T22:52:24.472Z</time>
      </trkpt>
      <trkpt lat="51.178373" lon="7.679148">
        <ele>397.671981</ele>
        <time>2026-05-16T22:52:38.108Z</time>
      </trkpt>
      <trkpt lat="51.178612" lon="7.679768">
        <ele>399.671717</ele>
        <time>2026-05-16T22:52:59.098Z</time>
      </trkpt>
      <trkpt lat="51.178725" lon="7.680219">
        <ele>401.006141</ele>
        <time>2026-05-16T22:53:13.875Z</time>
      </trkpt>
      <trkpt lat="51.178878" lon="7.681605">
        <ele>404.186440</ele>
        <time>2026-05-16T22:53:49.771Z</time>
      </trkpt>
      <trkpt lat="51.178881" lon="7.681873">
        <ele>404.461849</ele>
        <time>2026-05-16T22:53:54.837Z</time>
      </trkpt>
      <trkpt lat="51.178845" lon="7.682254">
        <ele>404.857742</ele>
        <time>2026-05-16T22:54:01.368Z</time>
      </trkpt>
      <trkpt lat="51.178746" lon="7.682707">
        <ele>405.350664</ele>
        <time>2026-05-16T22:54:08.744Z</time>
      </trkpt>
      <trkpt lat="51.178551" lon="7.683229">
        <ele>405.975019</ele>
        <time>2026-05-16T22:54:17.297Z</time>
      </trkpt>
      <trkpt lat="51.178524" lon="7.683300">
        <ele>406.060343</ele>
        <time>2026-05-16T22:54:18.375Z</time>
      </trkpt>
      <trkpt lat="51.178164" lon="7.684113">
        <ele>406.783243</ele>
        <time>2026-05-16T22:54:31.565Z</time>
      </trkpt>
      <trkpt lat="51.178091" lon="7.684328">
        <ele>406.824428</ele>
        <time>2026-05-16T22:54:35.043Z</time>
      </trkpt>
      <trkpt lat="51.177997" lon="7.684858">
        <ele>406.917204</ele>
        <time>2026-05-16T22:54:43.290Z</time>
      </trkpt>
      <trkpt lat="51.177892" lon="7.686123">
        <ele>407.132138</ele>
        <time>2026-05-16T22:55:02.513Z</time>
      </trkpt>
      <trkpt lat="51.177900" lon="7.686720">
        <ele>406.886654</ele>
        <time>2026-05-16T22:55:09.022Z</time>
      </trkpt>
      <trkpt lat="51.177964" lon="7.687208">
        <ele>405.808064</ele>
        <time>2026-05-16T22:55:13.721Z</time>
      </trkpt>
      <trkpt lat="51.178058" lon="7.687543">
        <ele>405.014044</ele>
        <time>2026-05-16T22:55:17.023Z</time>
      </trkpt>
      <trkpt lat="51.178143" lon="7.687715">
        <ele>404.540228</ele>
        <time>2026-05-16T22:55:18.923Z</time>
      </trkpt>
      <trkpt lat="51.178276" lon="7.687870">
        <ele>403.971812</ele>
        <time>2026-05-16T22:55:21.170Z</time>
      </trkpt>
      <trkpt lat="51.178490" lon="7.687887">
        <ele>403.232400</ele>
        <time>2026-05-16T22:55:24.038Z</time>
      </trkpt>
      <trkpt lat="51.178640" lon="7.687860">
        <ele>402.711478</ele>
        <time>2026-05-16T22:55:26.034Z</time>
      </trkpt>
      <trkpt lat="51.178704" lon="7.687812">
        <ele>402.467425</ele>
        <time>2026-05-16T22:55:26.981Z</time>
      </trkpt>
      <trkpt lat="51.178827" lon="7.687540">
        <ele>401.741877</ele>
        <time>2026-05-16T22:55:29.749Z</time>
      </trkpt>
      <trkpt lat="51.178905" lon="7.686883">
        <ele>401.025088</ele>
        <time>2026-05-16T22:55:35.380Z</time>
      </trkpt>
      <trkpt lat="51.179061" lon="7.686308">
        <ele>401.071842</ele>
        <time>2026-05-16T22:55:41.292Z</time>
      </trkpt>
      <trkpt lat="51.179190" lon="7.686038">
        <ele>401.097175</ele>
        <time>2026-05-16T22:55:45.408Z</time>
      </trkpt>
      <trkpt lat="51.179351" lon="7.685812">
        <ele>401.122704</ele>
        <time>2026-05-16T22:55:51.112Z</time>
      </trkpt>
      <trkpt lat="51.179604" lon="7.685587">
        <ele>401.157184</ele>
        <time>2026-05-16T22:56:01.097Z</time>
      </trkpt>
      <trkpt lat="51.179713" lon="7.685551">
        <ele>401.170434</ele>
        <time>2026-05-16T22:56:05.205Z</time>
      </trkpt>
      <trkpt lat="51.179911" lon="7.685594">
        <ele>401.194221</ele>
        <time>2026-05-16T22:56:12.456Z</time>
      </trkpt>
      <trkpt lat="51.180056" lon="7.685696">
        <ele>401.213085</ele>
        <time>2026-05-16T22:56:17.939Z</time>
      </trkpt>
      <trkpt lat="51.180522" lon="7.686221">
        <ele>400.890528</ele>
        <time>2026-05-16T22:56:35.752Z</time>
      </trkpt>
      <trkpt lat="51.180927" lon="7.686430">
        <ele>400.642046</ele>
        <time>2026-05-16T22:56:46.694Z</time>
      </trkpt>
      <trkpt lat="51.181097" lon="7.686676">
        <ele>400.508063</ele>
        <time>2026-05-16T22:56:50.585Z</time>
      </trkpt>
      <trkpt lat="51.181303" lon="7.687340">
        <ele>400.236956</ele>
        <time>2026-05-16T22:56:57.028Z</time>
      </trkpt>
      <trkpt lat="51.181373" lon="7.687481">
        <ele>400.171139</ele>
        <time>2026-05-16T22:56:58.478Z</time>
      </trkpt>
      <trkpt lat="51.181534" lon="7.687658">
        <ele>399.397486</ele>
        <time>2026-05-16T22:57:01.016Z</time>
      </trkpt>
      <trkpt lat="51.181700" lon="7.687691">
        <ele>398.702961</ele>
        <time>2026-05-16T22:57:03.186Z</time>
      </trkpt>
      <trkpt lat="51.181829" lon="7.687644">
        <ele>398.153592</ele>
        <time>2026-05-16T22:57:04.917Z</time>
      </trkpt>
      <trkpt lat="51.181983" lon="7.687460">
        <ele>397.354774</ele>
        <time>2026-05-16T22:57:07.484Z</time>
      </trkpt>
      <trkpt lat="51.182132" lon="7.687180">
        <ele>396.398898</ele>
        <time>2026-05-16T22:57:10.549Z</time>
      </trkpt>
      <trkpt lat="51.182237" lon="7.687048">
        <ele>395.843871</ele>
        <time>2026-05-16T22:57:12.337Z</time>
      </trkpt>
      <trkpt lat="51.182448" lon="7.686978">
        <ele>394.949105</ele>
        <time>2026-05-16T22:57:15.240Z</time>
      </trkpt>
      <trkpt lat="51.183061" lon="7.686963">
        <ele>392.712377</ele>
        <time>2026-05-16T22:57:23.946Z</time>
      </trkpt>
      <trkpt lat="51.183677" lon="7.687014">
        <ele>392.843504</ele>
        <time>2026-05-16T22:57:35.336Z</time>
      </trkpt>
      <trkpt lat="51.183867" lon="7.687077">
        <ele>392.884757</ele>
        <time>2026-05-16T22:57:39.876Z</time>
      </trkpt>
      <trkpt lat="51.184020" lon="7.687170">
        <ele>392.919563</ele>
        <time>2026-05-16T22:57:43.991Z</time>
      </trkpt>
      <trkpt lat="51.184240" lon="7.687351">
        <ele>392.972184</ele>
        <time>2026-05-16T22:57:50.689Z</time>
      </trkpt>
      <trkpt lat="51.184392" lon="7.687565">
        <ele>393.015279</ele>
        <time>2026-05-16T22:57:56.299Z</time>
      </trkpt>
      <trkpt lat="51.184479" lon="7.687828">
        <ele>393.054905</ele>
        <time>2026-05-16T22:58:01.418Z</time>
      </trkpt>
      <trkpt lat="51.184509" lon="7.688083">
        <ele>393.106312</ele>
        <time>2026-05-16T22:58:05.794Z</time>
      </trkpt>
      <trkpt lat="51.184324" lon="7.689230">
        <ele>393.536000</ele>
        <time>2026-05-16T22:58:23.665Z</time>
      </trkpt>
      <trkpt lat="51.184258" lon="7.689799">
        <ele>393.745939</ele>
        <time>2026-05-16T22:58:30.787Z</time>
      </trkpt>
      <trkpt lat="51.184250" lon="7.690053">
        <ele>393.838207</ele>
        <time>2026-05-16T22:58:33.722Z</time>
      </trkpt>
      <trkpt lat="51.184360" lon="7.692436">
        <ele>395.413222</ele>
        <time>2026-05-16T22:59:03.873Z</time>
      </trkpt>
      <trkpt lat="51.184351" lon="7.692648">
        <ele>395.583731</ele>
        <time>2026-05-16T22:59:07.833Z</time>
      </trkpt>
      <trkpt lat="51.184309" lon="7.692838">
        <ele>395.745399</ele>
        <time>2026-05-16T22:59:11.705Z</time>
      </trkpt>
      <trkpt lat="51.184065" lon="7.693175">
        <ele>396.158562</ele>
        <time>2026-05-16T22:59:22.318Z</time>
      </trkpt>
      <trkpt lat="51.183966" lon="7.693435">
        <ele>396.402678</ele>
        <time>2026-05-16T22:59:28.830Z</time>
      </trkpt>
      <trkpt lat="51.183930" lon="7.693720">
        <ele>396.610468</ele>
        <time>2026-05-16T22:59:35.201Z</time>
      </trkpt>
      <trkpt lat="51.183938" lon="7.693859">
        <ele>396.709040</ele>
        <time>2026-05-16T22:59:38.307Z</time>
      </trkpt>
      <trkpt lat="51.184048" lon="7.694254">
        <ele>397.014269</ele>
        <time>2026-05-16T22:59:47.651Z</time>
      </trkpt>
      <trkpt lat="51.184159" lon="7.694495">
        <ele>397.225462</ele>
        <time>2026-05-16T22:59:53.570Z</time>
      </trkpt>
      <trkpt lat="51.184689" lon="7.695175">
        <ele>397.991696</ele>
        <time>2026-05-16T23:00:09.998Z</time>
      </trkpt>
      <trkpt lat="51.184884" lon="7.695702">
        <ele>398.423851</ele>
        <time>2026-05-16T23:00:16.603Z</time>
      </trkpt>
      <trkpt lat="51.185047" lon="7.696109">
        <ele>397.848586</ele>
        <time>2026-05-16T23:00:21.451Z</time>
      </trkpt>
      <trkpt lat="51.185142" lon="7.696234">
        <ele>397.583995</ele>
        <time>2026-05-16T23:00:23.369Z</time>
      </trkpt>
      <trkpt lat="51.185265" lon="7.696287">
        <ele>397.310238</ele>
        <time>2026-05-16T23:00:25.353Z</time>
      </trkpt>
      <trkpt lat="51.185377" lon="7.696294">
        <ele>397.069402</ele>
        <time>2026-05-16T23:00:27.046Z</time>
      </trkpt>
      <trkpt lat="51.185603" lon="7.696230">
        <ele>396.576211</ele>
        <time>2026-05-16T23:00:30.492Z</time>
      </trkpt>
      <trkpt lat="51.185716" lon="7.696076">
        <ele>396.256886</ele>
        <time>2026-05-16T23:00:32.747Z</time>
      </trkpt>
      <trkpt lat="51.185756" lon="7.695918">
        <ele>396.027392</ele>
        <time>2026-05-16T23:00:34.375Z</time>
      </trkpt>
      <trkpt lat="51.185909" lon="7.693813">
        <ele>393.195342</ele>
        <time>2026-05-16T23:00:53.874Z</time>
      </trkpt>
      <trkpt lat="51.186112" lon="7.691947">
        <ele>390.789436</ele>
        <time>2026-05-16T23:01:12.427Z</time>
      </trkpt>
      <trkpt lat="51.186492" lon="7.690250">
        <ele>391.015540</ele>
        <time>2026-05-16T23:01:31.760Z</time>
      </trkpt>
      <trkpt lat="51.186625" lon="7.689588">
        <ele>391.102764</ele>
        <time>2026-05-16T23:01:43.988Z</time>
      </trkpt>
      <trkpt lat="51.186731" lon="7.689309">
        <ele>391.197989</ele>
        <time>2026-05-16T23:01:50.712Z</time>
      </trkpt>
      <trkpt lat="51.186877" lon="7.689035">
        <ele>391.985421</ele>
        <time>2026-05-16T23:01:58.395Z</time>
      </trkpt>
      <trkpt lat="51.187022" lon="7.688887">
        <ele>392.586739</ele>
        <time>2026-05-16T23:02:04.606Z</time>
      </trkpt>
      <trkpt lat="51.187169" lon="7.688806">
        <ele>393.130020</ele>
        <time>2026-05-16T23:02:10.559Z</time>
      </trkpt>
      <trkpt lat="51.187403" lon="7.688784">
        <ele>393.948874</ele>
        <time>2026-05-16T23:02:19.995Z</time>
      </trkpt>
      <trkpt lat="51.188003" lon="7.688799">
        <ele>396.045121</ele>
        <time>2026-05-16T23:02:44.508Z</time>
      </trkpt>
      <trkpt lat="51.188419" lon="7.688867">
        <ele>397.457949</ele>
        <time>2026-05-16T23:03:00.075Z</time>
      </trkpt>
      <trkpt lat="51.188552" lon="7.688968">
        <ele>397.672474</ele>
        <time>2026-05-16T23:03:04.828Z</time>
      </trkpt>
      <trkpt lat="51.189242" lon="7.689493">
        <ele>398.785821</ele>
        <time>2026-05-16T23:03:28.354Z</time>
      </trkpt>
      <trkpt lat="51.189429" lon="7.689621">
        <ele>399.082176</ele>
        <time>2026-05-16T23:03:33.914Z</time>
      </trkpt>
      <trkpt lat="51.189505" lon="7.689618">
        <ele>399.192897</ele>
        <time>2026-05-16T23:03:35.852Z</time>
      </trkpt>
      <trkpt lat="51.189743" lon="7.689367">
        <ele>399.608401</ele>
        <time>2026-05-16T23:03:42.219Z</time>
      </trkpt>
      <trkpt lat="51.189891" lon="7.689275">
        <ele>399.839732</ele>
        <time>2026-05-16T23:03:45.236Z</time>
      </trkpt>
      <trkpt lat="51.190364" lon="7.689240">
        <ele>399.411479</ele>
        <time>2026-05-16T23:03:53.210Z</time>
      </trkpt>
      <trkpt lat="51.191483" lon="7.688190">
        <ele>396.954687</ele>
        <time>2026-05-16T23:04:12.635Z</time>
      </trkpt>
      <trkpt lat="51.191863" lon="7.687975">
        <ele>396.778164</ele>
        <time>2026-05-16T23:04:18.879Z</time>
      </trkpt>
      <trkpt lat="51.192372" lon="7.687763">
        <ele>397.087211</ele>
        <time>2026-05-16T23:04:27.411Z</time>
      </trkpt>
      <trkpt lat="51.192775" lon="7.687719">
        <ele>397.324519</ele>
        <time>2026-05-16T23:04:35.357Z</time>
      </trkpt>
      <trkpt lat="51.193152" lon="7.687741">
        <ele>397.546147</ele>
        <time>2026-05-16T23:04:49.123Z</time>
      </trkpt>
      <trkpt lat="51.193164" lon="7.687787">
        <ele>397.564492</ele>
        <time>2026-05-16T23:04:50.536Z</time>
      </trkpt>
      <trkpt lat="51.193265" lon="7.687819">
        <ele>397.624985</ele>
        <time>2026-05-16T23:04:54.699Z</time>
      </trkpt>
      <trkpt lat="51.193497" lon="7.688077">
        <ele>398.360252</ele>
        <time>2026-05-16T23:05:06.795Z</time>
      </trkpt>
      <trkpt lat="51.193656" lon="7.688423">
        <ele>399.462375</ele>
        <time>2026-05-16T23:05:18.882Z</time>
      </trkpt>
      <trkpt lat="51.193704" lon="7.688697">
        <ele>400.193187</ele>
        <time>2026-05-16T23:05:26.575Z</time>
      </trkpt>
      <trkpt lat="51.193727" lon="7.689229">
        <ele>401.562996</ele>
        <time>2026-05-16T23:05:41.150Z</time>
      </trkpt>
      <trkpt lat="51.193761" lon="7.690055">
        <ele>403.689332</ele>
        <time>2026-05-16T23:06:03.445Z</time>
      </trkpt>
      <trkpt lat="51.193700" lon="7.690523">
        <ele>404.917221</ele>
        <time>2026-05-16T23:06:14.840Z</time>
      </trkpt>
      <trkpt lat="51.193594" lon="7.690864">
        <ele>405.620368</ele>
        <time>2026-05-16T23:06:22.360Z</time>
      </trkpt>
      <trkpt lat="51.193561" lon="7.690968">
        <ele>405.820333</ele>
        <time>2026-05-16T23:06:24.151Z</time>
      </trkpt>
      <trkpt lat="51.193343" lon="7.691430">
        <ele>406.812373</ele>
        <time>2026-05-16T23:06:32.916Z</time>
      </trkpt>
      <trkpt lat="51.193138" lon="7.691725">
        <ele>407.567983</ele>
        <time>2026-05-16T23:06:40.052Z</time>
      </trkpt>
      <trkpt lat="51.193031" lon="7.691833">
        <ele>407.914542</ele>
        <time>2026-05-16T23:06:43.673Z</time>
      </trkpt>
      <trkpt lat="51.192719" lon="7.692058">
        <ele>408.851723</ele>
        <time>2026-05-16T23:06:54.717Z</time>
      </trkpt>
      <trkpt lat="51.190904" lon="7.692588">
        <ele>416.169804</ele>
        <time>2026-05-16T23:08:09.592Z</time>
      </trkpt>
      <trkpt lat="51.190510" lon="7.692733">
        <ele>417.905394</ele>
        <time>2026-05-16T23:08:26.946Z</time>
      </trkpt>
      <trkpt lat="51.190203" lon="7.692995">
        <ele>419.280120</ele>
        <time>2026-05-16T23:08:42.136Z</time>
      </trkpt>
      <trkpt lat="51.189993" lon="7.693275">
        <ele>420.360736</ele>
        <time>2026-05-16T23:08:53.656Z</time>
      </trkpt>
      <trkpt lat="51.189788" lon="7.693737">
        <ele>421.761609</ele>
        <time>2026-05-16T23:09:07.986Z</time>
      </trkpt>
      <trkpt lat="51.189666" lon="7.694310">
        <ele>423.259238</ele>
        <time>2026-05-16T23:09:23.019Z</time>
      </trkpt>
      <trkpt lat="51.189351" lon="7.697475">
        <ele>428.865538</ele>
        <time>2026-05-16T23:10:28.164Z</time>
      </trkpt>
      <trkpt lat="51.189345" lon="7.697851">
        <ele>429.422135</ele>
        <time>2026-05-16T23:10:34.445Z</time>
      </trkpt>
      <trkpt lat="51.189381" lon="7.698255">
        <ele>429.842276</ele>
        <time>2026-05-16T23:10:41.256Z</time>
      </trkpt>
      <trkpt lat="51.189530" lon="7.698847">
        <ele>430.499109</ele>
        <time>2026-05-16T23:10:52.101Z</time>
      </trkpt>
      <trkpt lat="51.190001" lon="7.700145">
        <ele>432.043345</ele>
        <time>2026-05-16T23:11:19.338Z</time>
      </trkpt>
      <trkpt lat="51.189994" lon="7.700323">
        <ele>432.226971</ele>
        <time>2026-05-16T23:11:22.200Z</time>
      </trkpt>
      <trkpt lat="51.190079" lon="7.700765">
        <ele>432.356154</ele>
        <time>2026-05-16T23:11:28.998Z</time>
      </trkpt>
      <trkpt lat="51.190103" lon="7.700861">
        <ele>432.367272</ele>
        <time>2026-05-16T23:11:30.328Z</time>
      </trkpt>
      <trkpt lat="51.190317" lon="7.701296">
        <ele>432.426760</ele>
        <time>2026-05-16T23:11:36.901Z</time>
      </trkpt>
      <trkpt lat="51.190399" lon="7.701826">
        <ele>432.485486</ele>
        <time>2026-05-16T23:11:43.340Z</time>
      </trkpt>
      <trkpt lat="51.190483" lon="7.701850">
        <ele>432.500133</ele>
        <time>2026-05-16T23:11:44.901Z</time>
      </trkpt>
      <trkpt lat="51.190519" lon="7.701834">
        <ele>432.506547</ele>
        <time>2026-05-16T23:11:45.572Z</time>
      </trkpt>
      <trkpt lat="51.190742" lon="7.701735">
        <ele>432.546277</ele>
        <time>2026-05-16T23:11:49.804Z</time>
      </trkpt>
      <trkpt lat="51.190805" lon="7.701724">
        <ele>432.557154</ele>
        <time>2026-05-16T23:11:50.891Z</time>
      </trkpt>
      <trkpt lat="51.190950" lon="7.701419">
        <ele>432.598335</ele>
        <time>2026-05-16T23:11:57.915Z</time>
      </trkpt>
      <trkpt lat="51.191371" lon="7.700240">
        <ele>434.743952</ele>
        <time>2026-05-16T23:12:28.571Z</time>
      </trkpt>
      <trkpt lat="51.191531" lon="7.699998">
        <ele>435.412892</ele>
        <time>2026-05-16T23:12:39.516Z</time>
      </trkpt>
      <trkpt lat="51.191660" lon="7.699888">
        <ele>435.856704</ele>
        <time>2026-05-16T23:12:47.385Z</time>
      </trkpt>
      <trkpt lat="51.192128" lon="7.699938">
        <ele>437.279933</ele>
        <time>2026-05-16T23:13:14.040Z</time>
      </trkpt>
      <trkpt lat="51.192257" lon="7.699881">
        <ele>437.686087</ele>
        <time>2026-05-16T23:13:21.795Z</time>
      </trkpt>
      <trkpt lat="51.192889" lon="7.699298">
        <ele>440.642898</ele>
        <time>2026-05-16T23:14:04.261Z</time>
      </trkpt>
      <trkpt lat="51.193186" lon="7.699224">
        <ele>441.926906</ele>
        <time>2026-05-16T23:14:20.819Z</time>
      </trkpt>
      <trkpt lat="51.193805" lon="7.699172">
        <ele>444.574625</ele>
        <time>2026-05-16T23:14:52.885Z</time>
      </trkpt>
      <trkpt lat="51.194035" lon="7.699074">
        <ele>445.591491</ele>
        <time>2026-05-16T23:15:04.201Z</time>
      </trkpt>
      <trkpt lat="51.194712" lon="7.698607">
        <ele>446.848845</ele>
        <time>2026-05-16T23:15:37.201Z</time>
      </trkpt>
      <trkpt lat="51.195144" lon="7.698186">
        <ele>447.636099</ele>
        <time>2026-05-16T23:15:58.447Z</time>
      </trkpt>
      <trkpt lat="51.195264" lon="7.698125">
        <ele>447.831970</ele>
        <time>2026-05-16T23:16:03.475Z</time>
      </trkpt>
      <trkpt lat="51.195850" lon="7.698146">
        <ele>447.981344</ele>
        <time>2026-05-16T23:16:22.693Z</time>
      </trkpt>
      <trkpt lat="51.196409" lon="7.698067">
        <ele>445.185127</ele>
        <time>2026-05-16T23:16:37.956Z</time>
      </trkpt>
      <trkpt lat="51.196486" lon="7.697656">
        <ele>443.845694</ele>
        <time>2026-05-16T23:16:44.404Z</time>
      </trkpt>
      <trkpt lat="51.196544" lon="7.697582">
        <ele>443.475686</ele>
        <time>2026-05-16T23:16:46.151Z</time>
      </trkpt>
      <trkpt lat="51.196732" lon="7.697585">
        <ele>442.538896</ele>
        <time>2026-05-16T23:16:50.482Z</time>
      </trkpt>
      <trkpt lat="51.196995" lon="7.697777">
        <ele>441.097835</ele>
        <time>2026-05-16T23:16:56.975Z</time>
      </trkpt>
      <trkpt lat="51.197123" lon="7.697811">
        <ele>440.451277</ele>
        <time>2026-05-16T23:16:59.809Z</time>
      </trkpt>
      <trkpt lat="51.197535" lon="7.697897">
        <ele>437.447403</ele>
        <time>2026-05-16T23:17:08.789Z</time>
      </trkpt>
      <trkpt lat="51.198211" lon="7.698542">
        <ele>430.518275</ele>
        <time>2026-05-16T23:17:25.807Z</time>
      </trkpt>
      <trkpt lat="51.198222" lon="7.698559">
        <ele>430.383559</ele>
        <time>2026-05-16T23:17:26.152Z</time>
      </trkpt>
      <trkpt lat="51.198499" lon="7.698966">
        <ele>427.071016</ele>
        <time>2026-05-16T23:17:34.627Z</time>
      </trkpt>
      <trkpt lat="51.199242" lon="7.700209">
        <ele>416.682147</ele>
        <time>2026-05-16T23:17:58.404Z</time>
      </trkpt>
      <trkpt lat="51.199575" lon="7.700792">
        <ele>411.686371</ele>
        <time>2026-05-16T23:18:08.743Z</time>
      </trkpt>
      <trkpt lat="51.199683" lon="7.700931">
        <ele>410.284140</ele>
        <time>2026-05-16T23:18:11.617Z</time>
      </trkpt>
      <trkpt lat="51.199809" lon="7.701000">
        <ele>408.937831</ele>
        <time>2026-05-16T23:18:14.395Z</time>
      </trkpt>
      <trkpt lat="51.199978" lon="7.700981">
        <ele>407.225594</ele>
        <time>2026-05-16T23:18:17.947Z</time>
      </trkpt>
      <trkpt lat="51.200074" lon="7.700933">
        <ele>406.208863</ele>
        <time>2026-05-16T23:18:20.083Z</time>
      </trkpt>
      <trkpt lat="51.200208" lon="7.700762">
        <ele>405.124971</ele>
        <time>2026-05-16T23:18:23.698Z</time>
      </trkpt>
      <trkpt lat="51.200318" lon="7.700531">
        <ele>404.350780</ele>
        <time>2026-05-16T23:18:27.609Z</time>
      </trkpt>
      <trkpt lat="51.200410" lon="7.700408">
        <ele>403.839689</ele>
        <time>2026-05-16T23:18:30.248Z</time>
      </trkpt>
      <trkpt lat="51.200477" lon="7.700370">
        <ele>403.536889</ele>
        <time>2026-05-16T23:18:31.833Z</time>
      </trkpt>
      <trkpt lat="51.200542" lon="7.700385">
        <ele>403.257208</ele>
        <time>2026-05-16T23:18:33.322Z</time>
      </trkpt>
      <trkpt lat="51.200729" lon="7.700542">
        <ele>402.357399</ele>
        <time>2026-05-16T23:18:38.157Z</time>
      </trkpt>
      <trkpt lat="51.200958" lon="7.700895">
        <ele>401.001588</ele>
        <time>2026-05-16T23:18:45.913Z</time>
      </trkpt>
      <trkpt lat="51.201086" lon="7.700985">
        <ele>400.405945</ele>
        <time>2026-05-16T23:18:49.639Z</time>
      </trkpt>
      <trkpt lat="51.201246" lon="7.700953">
        <ele>399.719257</ele>
        <time>2026-05-16T23:18:54.679Z</time>
      </trkpt>
      <trkpt lat="51.201447" lon="7.700777">
        <ele>398.742934</ele>
        <time>2026-05-16T23:19:04.269Z</time>
      </trkpt>
      <trkpt lat="51.201748" lon="7.700705">
        <ele>398.099094</ele>
        <time>2026-05-16T23:19:18.806Z</time>
      </trkpt>
      <trkpt lat="51.201730" lon="7.700794">
        <ele>398.180351</ele>
        <time>2026-05-16T23:19:21.682Z</time>
      </trkpt>
      <trkpt lat="51.201624" lon="7.701033">
        <ele>398.434769</ele>
        <time>2026-05-16T23:19:29.976Z</time>
      </trkpt>
      <trkpt lat="51.201627" lon="7.701211">
        <ele>398.589483</ele>
        <time>2026-05-16T23:19:34.647Z</time>
      </trkpt>
      <trkpt lat="51.201667" lon="7.701376">
        <ele>398.743203</ele>
        <time>2026-05-16T23:19:39.257Z</time>
      </trkpt>
      <trkpt lat="51.201754" lon="7.701571">
        <ele>398.951195</ele>
        <time>2026-05-16T23:19:45.507Z</time>
      </trkpt>
      <trkpt lat="51.201996" lon="7.702040">
        <ele>399.479083</ele>
        <time>2026-05-16T23:20:01.398Z</time>
      </trkpt>
      <trkpt lat="51.202268" lon="7.702225">
        <ele>399.889083</ele>
        <time>2026-05-16T23:20:13.298Z</time>
      </trkpt>
      <trkpt lat="51.202682" lon="7.702624">
        <ele>400.303959</ele>
        <time>2026-05-16T23:20:29.206Z</time>
      </trkpt>
      <trkpt lat="51.202812" lon="7.702785">
        <ele>400.071558</ele>
        <time>2026-05-16T23:20:34.085Z</time>
      </trkpt>
      <trkpt lat="51.202982" lon="7.703249">
        <ele>399.595905</ele>
        <time>2026-05-16T23:20:43.651Z</time>
      </trkpt>
      <trkpt lat="51.203061" lon="7.703786">
        <ele>399.107776</ele>
        <time>2026-05-16T23:20:53.556Z</time>
      </trkpt>
      <trkpt lat="51.202964" lon="7.704946">
        <ele>398.072158</ele>
        <time>2026-05-16T23:21:05.692Z</time>
      </trkpt>
      <trkpt lat="51.202971" lon="7.705186">
        <ele>397.838194</ele>
        <time>2026-05-16T23:21:08.093Z</time>
      </trkpt>
      <trkpt lat="51.203051" lon="7.705379">
        <ele>397.501513</ele>
        <time>2026-05-16T23:21:10.386Z</time>
      </trkpt>
      <trkpt lat="51.203157" lon="7.705525">
        <ele>397.176394</ele>
        <time>2026-05-16T23:21:12.580Z</time>
      </trkpt>
      <trkpt lat="51.203229" lon="7.705584">
        <ele>396.988459</ele>
        <time>2026-05-16T23:21:13.831Z</time>
      </trkpt>
      <trkpt lat="51.203389" lon="7.705617">
        <ele>396.613844</ele>
        <time>2026-05-16T23:21:16.314Z</time>
      </trkpt>
      <trkpt lat="51.203647" lon="7.705474">
        <ele>395.979662</ele>
        <time>2026-05-16T23:21:20.442Z</time>
      </trkpt>
      <trkpt lat="51.203812" lon="7.705331">
        <ele>395.543685</ele>
        <time>2026-05-16T23:21:23.274Z</time>
      </trkpt>
      <trkpt lat="51.204122" lon="7.704966">
        <ele>394.649177</ele>
        <time>2026-05-16T23:21:29.192Z</time>
      </trkpt>
      <trkpt lat="51.204403" lon="7.704525">
        <ele>393.734088</ele>
        <time>2026-05-16T23:21:36.215Z</time>
      </trkpt>
      <trkpt lat="51.204569" lon="7.704327">
        <ele>393.912728</ele>
        <time>2026-05-16T23:21:40.271Z</time>
      </trkpt>
      <trkpt lat="51.204949" lon="7.704082">
        <ele>394.316432</ele>
        <time>2026-05-16T23:21:49.418Z</time>
      </trkpt>
      <trkpt lat="51.205085" lon="7.704160">
        <ele>394.458785</ele>
        <time>2026-05-16T23:21:53.216Z</time>
      </trkpt>
      <trkpt lat="51.205174" lon="7.704262">
        <ele>394.566713</ele>
        <time>2026-05-16T23:21:56.390Z</time>
      </trkpt>
      <trkpt lat="51.205274" lon="7.704376">
        <ele>394.687764</ele>
        <time>2026-05-16T23:21:59.837Z</time>
      </trkpt>
      <trkpt lat="51.206533" lon="7.705796">
        <ele>398.409105</ele>
        <time>2026-05-16T23:23:02.956Z</time>
      </trkpt>
      <trkpt lat="51.206671" lon="7.706531">
        <ele>400.334609</ele>
        <time>2026-05-16T23:23:26.059Z</time>
      </trkpt>
      <trkpt lat="51.206724" lon="7.706601">
        <ele>400.610151</ele>
        <time>2026-05-16T23:23:29.717Z</time>
      </trkpt>
      <trkpt lat="51.206853" lon="7.706559">
        <ele>401.137494</ele>
        <time>2026-05-16T23:23:37.238Z</time>
      </trkpt>
      <trkpt lat="51.207253" lon="7.706179">
        <ele>403.431558</ele>
        <time>2026-05-16T23:24:07.697Z</time>
      </trkpt>
      <trkpt lat="51.207653" lon="7.706003">
        <ele>407.398897</ele>
        <time>2026-05-16T23:24:40.385Z</time>
      </trkpt>
      <trkpt lat="51.207855" lon="7.706001">
        <ele>409.330399</ele>
        <time>2026-05-16T23:24:57.542Z</time>
      </trkpt>
      <trkpt lat="51.208206" lon="7.706082">
        <ele>412.721452</ele>
        <time>2026-05-16T23:25:30.011Z</time>
      </trkpt>
      <trkpt lat="51.208556" lon="7.706217">
        <ele>416.164372</ele>
        <time>2026-05-16T23:26:02.750Z</time>
      </trkpt>
      <trkpt lat="51.208654" lon="7.706296">
        <ele>417.214137</ele>
        <time>2026-05-16T23:26:12.019Z</time>
      </trkpt>
      <trkpt lat="51.208883" lon="7.706307">
        <ele>419.404759</ele>
        <time>2026-05-16T23:26:30.675Z</time>
      </trkpt>
      <trkpt lat="51.209200" lon="7.705959">
        <ele>420.823504</ele>
        <time>2026-05-16T23:26:58.042Z</time>
      </trkpt>
      <trkpt lat="51.209304" lon="7.705904">
        <ele>421.129635</ele>
        <time>2026-05-16T23:27:05.703Z</time>
      </trkpt>
      <trkpt lat="51.209406" lon="7.705781">
        <ele>421.486831</ele>
        <time>2026-05-16T23:27:14.572Z</time>
      </trkpt>
      <trkpt lat="51.209551" lon="7.705758">
        <ele>421.893985</ele>
        <time>2026-05-16T23:27:24.714Z</time>
      </trkpt>
      <trkpt lat="51.209907" lon="7.705579">
        <ele>422.936904</ele>
        <time>2026-05-16T23:27:50.652Z</time>
      </trkpt>
      <trkpt lat="51.210280" lon="7.705458">
        <ele>424.000445</ele>
        <time>2026-05-16T23:28:17.136Z</time>
      </trkpt>
      <trkpt lat="51.210314" lon="7.705467">
        <ele>424.096746</ele>
        <time>2026-05-16T23:28:19.539Z</time>
      </trkpt>
      <trkpt lat="51.210951" lon="7.705629">
        <ele>424.961505</ele>
        <time>2026-05-16T23:29:04.319Z</time>
      </trkpt>
      <trkpt lat="51.211441" lon="7.705828">
        <ele>425.026663</ele>
        <time>2026-05-16T23:29:39.497Z</time>
      </trkpt>
      <trkpt lat="51.211574" lon="7.705852">
        <ele>425.043912</ele>
        <time>2026-05-16T23:29:43.793Z</time>
      </trkpt>
      <trkpt lat="51.211889" lon="7.706032">
        <ele>425.087030</ele>
        <time>2026-05-16T23:29:55.353Z</time>
      </trkpt>
      <trkpt lat="51.212263" lon="7.706072">
        <ele>425.135336</ele>
        <time>2026-05-16T23:30:10.418Z</time>
      </trkpt>
      <trkpt lat="51.212598" lon="7.706036">
        <ele>426.260957</ele>
        <time>2026-05-16T23:30:26.304Z</time>
      </trkpt>
      <trkpt lat="51.212973" lon="7.705990">
        <ele>428.021576</ele>
        <time>2026-05-16T23:30:46.206Z</time>
      </trkpt>
      <trkpt lat="51.213456" lon="7.705879">
        <ele>430.305896</ele>
        <time>2026-05-16T23:31:14.612Z</time>
      </trkpt>
      <trkpt lat="51.213755" lon="7.705861">
        <ele>431.706565</ele>
        <time>2026-05-16T23:31:32.519Z</time>
      </trkpt>
      <trkpt lat="51.213917" lon="7.706033">
        <ele>432.617324</ele>
        <time>2026-05-16T23:31:44.253Z</time>
      </trkpt>
      <trkpt lat="51.214471" lon="7.707165">
        <ele>436.088628</ele>
        <time>2026-05-16T23:32:38.923Z</time>
      </trkpt>
      <trkpt lat="51.214604" lon="7.707499">
        <ele>436.985506</ele>
        <time>2026-05-16T23:32:52.934Z</time>
      </trkpt>
      <trkpt lat="51.214649" lon="7.707833">
        <ele>437.759704</ele>
        <time>2026-05-16T23:33:04.307Z</time>
      </trkpt>
      <trkpt lat="51.214711" lon="7.709276">
        <ele>438.878566</ele>
        <time>2026-05-16T23:33:39.797Z</time>
      </trkpt>
      <trkpt lat="51.214935" lon="7.709945">
        <ele>436.742888</ele>
        <time>2026-05-16T23:33:52.333Z</time>
      </trkpt>
      <trkpt lat="51.215166" lon="7.711082">
        <ele>433.377657</ele>
        <time>2026-05-16T23:34:09.565Z</time>
      </trkpt>
      <trkpt lat="51.215226" lon="7.711611">
        <ele>431.834955</ele>
        <time>2026-05-16T23:34:16.900Z</time>
      </trkpt>
      <trkpt lat="51.215285" lon="7.712586">
        <ele>428.441542</ele>
        <time>2026-05-16T23:34:30.497Z</time>
      </trkpt>
      <trkpt lat="51.215343" lon="7.712795">
        <ele>427.649631</ele>
        <time>2026-05-16T23:34:33.829Z</time>
      </trkpt>
      <trkpt lat="51.215591" lon="7.713313">
        <ele>425.390998</ele>
        <time>2026-05-16T23:34:43.733Z</time>
      </trkpt>
      <trkpt lat="51.216342" lon="7.712551">
        <ele>420.287252</ele>
        <time>2026-05-16T23:35:06.887Z</time>
      </trkpt>
      <trkpt lat="51.216841" lon="7.712145">
        <ele>416.830645</ele>
        <time>2026-05-16T23:35:21.109Z</time>
      </trkpt>
      <trkpt lat="51.217290" lon="7.711703">
        <ele>413.575065</ele>
        <time>2026-05-16T23:35:33.230Z</time>
      </trkpt>
      <trkpt lat="51.217833" lon="7.711334">
        <ele>408.971338</ele>
        <time>2026-05-16T23:35:45.907Z</time>
      </trkpt>
      <trkpt lat="51.218138" lon="7.710919">
        <ele>404.142465</ele>
        <time>2026-05-16T23:35:54.321Z</time>
      </trkpt>
      <trkpt lat="51.218826" lon="7.710256">
        <ele>394.459035</ele>
        <time>2026-05-16T23:36:10.807Z</time>
      </trkpt>
      <trkpt lat="51.219068" lon="7.709985">
        <ele>390.897173</ele>
        <time>2026-05-16T23:36:16.883Z</time>
      </trkpt>
      <trkpt lat="51.219173" lon="7.709964">
        <ele>389.622049</ele>
        <time>2026-05-16T23:36:19.048Z</time>
      </trkpt>
      <trkpt lat="51.219327" lon="7.710034">
        <ele>388.731481</ele>
        <time>2026-05-16T23:36:22.390Z</time>
      </trkpt>
      <trkpt lat="51.219479" lon="7.710076">
        <ele>388.097689</ele>
        <time>2026-05-16T23:36:25.635Z</time>
      </trkpt>
      <trkpt lat="51.219914" lon="7.709839">
        <ele>386.209248</ele>
        <time>2026-05-16T23:36:35.621Z</time>
      </trkpt>
      <trkpt lat="51.220035" lon="7.709860">
        <ele>385.709178</ele>
        <time>2026-05-16T23:36:37.172Z</time>
      </trkpt>
      <trkpt lat="51.220609" lon="7.710330">
        <ele>383.058784</ele>
        <time>2026-05-16T23:36:47.422Z</time>
      </trkpt>
      <trkpt lat="51.221211" lon="7.710889">
        <ele>385.122015</ele>
        <time>2026-05-16T23:37:20.937Z</time>
      </trkpt>
      <trkpt lat="51.221347" lon="7.710939">
        <ele>386.227863</ele>
        <time>2026-05-16T23:37:30.060Z</time>
      </trkpt>
      <trkpt lat="51.221640" lon="7.710970">
        <ele>388.554653</ele>
        <time>2026-05-16T23:37:51.093Z</time>
      </trkpt>
      <trkpt lat="51.221779" lon="7.711040">
        <ele>389.709560</ele>
        <time>2026-05-16T23:38:01.957Z</time>
      </trkpt>
      <trkpt lat="51.221949" lon="7.711151">
        <ele>391.164904</ele>
        <time>2026-05-16T23:38:15.539Z</time>
      </trkpt>
      <trkpt lat="51.222348" lon="7.711525">
        <ele>394.831086</ele>
        <time>2026-05-16T23:38:48.542Z</time>
      </trkpt>
      <trkpt lat="51.222609" lon="7.711687">
        <ele>396.118346</ele>
        <time>2026-05-16T23:39:04.692Z</time>
      </trkpt>
      <trkpt lat="51.222926" lon="7.711993">
        <ele>396.077034</ele>
        <time>2026-05-16T23:39:20.799Z</time>
      </trkpt>
      <trkpt lat="51.223053" lon="7.712171">
        <ele>396.058187</ele>
        <time>2026-05-16T23:39:25.995Z</time>
      </trkpt>
      <trkpt lat="51.223164" lon="7.712729">
        <ele>396.017294</ele>
        <time>2026-05-16T23:39:37.639Z</time>
      </trkpt>
      <trkpt lat="51.223255" lon="7.713040">
        <ele>395.993318</ele>
        <time>2026-05-16T23:39:43.420Z</time>
      </trkpt>
      <trkpt lat="51.223706" lon="7.713975">
        <ele>394.184057</ele>
        <time>2026-05-16T23:40:00.803Z</time>
      </trkpt>
      <trkpt lat="51.223756" lon="7.714224">
        <ele>392.572554</ele>
        <time>2026-05-16T23:40:04.413Z</time>
      </trkpt>
      <trkpt lat="51.223765" lon="7.714420">
        <ele>391.361391</ele>
        <time>2026-05-16T23:40:07.109Z</time>
      </trkpt>
      <trkpt lat="51.223669" lon="7.715029">
        <ele>387.491141</ele>
        <time>2026-05-16T23:40:15.568Z</time>
      </trkpt>
      <trkpt lat="51.223352" lon="7.715835">
        <ele>381.625585</ele>
        <time>2026-05-16T23:40:28.083Z</time>
      </trkpt>
      <trkpt lat="51.223149" lon="7.716273">
        <ele>378.267461</ele>
        <time>2026-05-16T23:40:35.189Z</time>
      </trkpt>
      <trkpt lat="51.222905" lon="7.716982">
        <ele>374.007384</ele>
        <time>2026-05-16T23:40:45.838Z</time>
      </trkpt>
      <trkpt lat="51.222853" lon="7.717282">
        <ele>372.370257</ele>
        <time>2026-05-16T23:40:50.033Z</time>
      </trkpt>
      <trkpt lat="51.222832" lon="7.717750">
        <ele>369.902557</ele>
        <time>2026-05-16T23:40:56.481Z</time>
      </trkpt>
      <trkpt lat="51.222847" lon="7.718114">
        <ele>367.984003</ele>
        <time>2026-05-16T23:41:01.651Z</time>
      </trkpt>
      <trkpt lat="51.222894" lon="7.718419">
        <ele>366.332049</ele>
        <time>2026-05-16T23:41:06.215Z</time>
      </trkpt>
      <trkpt lat="51.222956" lon="7.718587">
        <ele>365.306484</ele>
        <time>2026-05-16T23:41:09.094Z</time>
      </trkpt>
      <trkpt lat="51.223035" lon="7.718733">
        <ele>364.291724</ele>
        <time>2026-05-16T23:41:11.990Z</time>
      </trkpt>
      <trkpt lat="51.223110" lon="7.718802">
        <ele>363.564834</ele>
        <time>2026-05-16T23:41:14.076Z</time>
      </trkpt>
      <trkpt lat="51.223220" lon="7.718841">
        <ele>362.776074</ele>
        <time>2026-05-16T23:41:16.807Z</time>
      </trkpt>
      <trkpt lat="51.223692" lon="7.718856">
        <ele>360.039775</ele>
        <time>2026-05-16T23:41:28.388Z</time>
      </trkpt>
      <trkpt lat="51.224436" lon="7.719027">
        <ele>355.683035</ele>
        <time>2026-05-16T23:41:46.315Z</time>
      </trkpt>
      <trkpt lat="51.224893" lon="7.719214">
        <ele>352.948627</ele>
        <time>2026-05-16T23:41:57.102Z</time>
      </trkpt>
      <trkpt lat="51.225186" lon="7.719371">
        <ele>350.995320</ele>
        <time>2026-05-16T23:42:04.012Z</time>
      </trkpt>
      <trkpt lat="51.225411" lon="7.719556">
        <ele>349.374624</ele>
        <time>2026-05-16T23:42:09.605Z</time>
      </trkpt>
      <trkpt lat="51.225448" lon="7.719586">
        <ele>349.108881</ele>
        <time>2026-05-16T23:42:10.535Z</time>
      </trkpt>
      <trkpt lat="51.226672" lon="7.720811">
        <ele>340.405338</ele>
        <time>2026-05-16T23:42:43.995Z</time>
      </trkpt>
      <trkpt lat="51.226798" lon="7.720855">
        <ele>339.920434</ele>
        <time>2026-05-16T23:42:47.414Z</time>
      </trkpt>
      <trkpt lat="51.226933" lon="7.720739">
        <ele>339.344073</ele>
        <time>2026-05-16T23:42:51.604Z</time>
      </trkpt>
      <trkpt lat="51.227146" lon="7.720353">
        <ele>338.132800</ele>
        <time>2026-05-16T23:43:00.683Z</time>
      </trkpt>
      <trkpt lat="51.227625" lon="7.719363">
        <ele>335.187323</ele>
        <time>2026-05-16T23:43:22.032Z</time>
      </trkpt>
      <trkpt lat="51.227784" lon="7.719137">
        <ele>334.353162</ele>
        <time>2026-05-16T23:43:27.069Z</time>
      </trkpt>
      <trkpt lat="51.228007" lon="7.718930">
        <ele>332.421905</ele>
        <time>2026-05-16T23:43:32.913Z</time>
      </trkpt>
      <trkpt lat="51.228179" lon="7.718826">
        <ele>331.044868</ele>
        <time>2026-05-16T23:43:36.985Z</time>
      </trkpt>
      <trkpt lat="51.228414" lon="7.718741">
        <ele>329.240791</ele>
        <time>2026-05-16T23:43:42.278Z</time>
      </trkpt>
      <trkpt lat="51.228522" lon="7.718572">
        <ele>328.108650</ele>
        <time>2026-05-16T23:43:45.603Z</time>
      </trkpt>
      <trkpt lat="51.228641" lon="7.718202">
        <ele>326.158427</ele>
        <time>2026-05-16T23:43:51.300Z</time>
      </trkpt>
      <trkpt lat="51.228824" lon="7.717390">
        <ele>322.112215</ele>
        <time>2026-05-16T23:44:03.306Z</time>
      </trkpt>
      <trkpt lat="51.228919" lon="7.716488">
        <ele>317.438012</ele>
        <time>2026-05-16T23:44:16.348Z</time>
      </trkpt>
      <trkpt lat="51.228962" lon="7.716344">
        <ele>316.597870</ele>
        <time>2026-05-16T23:44:18.646Z</time>
      </trkpt>
      <trkpt lat="51.229044" lon="7.716309">
        <ele>315.884069</ele>
        <time>2026-05-16T23:44:20.592Z</time>
      </trkpt>
      <trkpt lat="51.229082" lon="7.716377">
        <ele>315.404110</ele>
        <time>2026-05-16T23:44:21.908Z</time>
      </trkpt>
      <trkpt lat="51.229082" lon="7.716924">
        <ele>312.523495</ele>
        <time>2026-05-16T23:44:29.610Z</time>
      </trkpt>
      <trkpt lat="51.229197" lon="7.718331">
        <ele>305.074444</ele>
        <time>2026-05-16T23:44:48.713Z</time>
      </trkpt>
      <trkpt lat="51.229170" lon="7.718611">
        <ele>303.627332</ele>
        <time>2026-05-16T23:44:52.503Z</time>
      </trkpt>
      <trkpt lat="51.229068" lon="7.718973">
        <ele>301.599648</ele>
        <time>2026-05-16T23:44:57.893Z</time>
      </trkpt>
      <trkpt lat="51.228560" lon="7.719669">
        <ele>296.139709</ele>
        <time>2026-05-16T23:45:12.688Z</time>
      </trkpt>
      <trkpt lat="51.228404" lon="7.720020">
        <ele>293.941080</ele>
        <time>2026-05-16T23:45:18.800Z</time>
      </trkpt>
      <trkpt lat="51.228221" lon="7.720704">
        <ele>290.230350</ele>
        <time>2026-05-16T23:45:29.658Z</time>
      </trkpt>
      <trkpt lat="51.228143" lon="7.721181">
        <ele>287.932300</ele>
        <time>2026-05-16T23:45:36.894Z</time>
      </trkpt>
      <trkpt lat="51.228134" lon="7.721235">
        <ele>287.671821</ele>
        <time>2026-05-16T23:45:37.710Z</time>
      </trkpt>
      <trkpt lat="51.228152" lon="7.722671">
        <ele>280.976686</ele>
        <time>2026-05-16T23:45:58.126Z</time>
      </trkpt>
      <trkpt lat="51.228228" lon="7.723096">
        <ele>278.916395</ele>
        <time>2026-05-16T23:46:04.237Z</time>
      </trkpt>
      <trkpt lat="51.228363" lon="7.723559">
        <ele>276.049273</ele>
        <time>2026-05-16T23:46:11.200Z</time>
      </trkpt>
      <trkpt lat="51.228636" lon="7.724134">
        <ele>271.357979</ele>
        <time>2026-05-16T23:46:20.905Z</time>
      </trkpt>
      <trkpt lat="51.229175" lon="7.725752">
        <ele>259.442955</ele>
        <time>2026-05-16T23:46:44.889Z</time>
      </trkpt>
      <trkpt lat="51.229216" lon="7.725937">
        <ele>258.773579</ele>
        <time>2026-05-16T23:46:47.542Z</time>
      </trkpt>
      <trkpt lat="51.229566" lon="7.726146">
        <ele>257.431640</ele>
        <time>2026-05-16T23:46:55.951Z</time>
      </trkpt>
      <trkpt lat="51.229596" lon="7.726125">
        <ele>257.314006</ele>
        <time>2026-05-16T23:46:56.377Z</time>
      </trkpt>
      <trkpt lat="51.229636" lon="7.726098">
        <ele>257.158051</ele>
        <time>2026-05-16T23:46:56.945Z</time>
      </trkpt>
      <trkpt lat="51.229768" lon="7.726000">
        <ele>256.635281</ele>
        <time>2026-05-16T23:46:58.873Z</time>
      </trkpt>
      <trkpt lat="51.230208" lon="7.725710">
        <ele>254.925842</ele>
        <time>2026-05-16T23:47:05.788Z</time>
      </trkpt>
      <trkpt lat="51.230378" lon="7.726227">
        <ele>253.612661</ele>
        <time>2026-05-16T23:47:13.171Z</time>
      </trkpt>
      <trkpt lat="51.230558" lon="7.726951">
        <ele>252.587989</ele>
        <time>2026-05-16T23:47:27.996Z</time>
      </trkpt>
      <trkpt lat="51.230615" lon="7.727398">
        <ele>252.525779</ele>
        <time>2026-05-16T23:47:35.412Z</time>
      </trkpt>
      <trkpt lat="51.230605" lon="7.727898">
        <ele>252.457557</ele>
        <time>2026-05-16T23:47:41.937Z</time>
      </trkpt>
      <trkpt lat="51.230450" lon="7.728848">
        <ele>252.323676</ele>
        <time>2026-05-16T23:47:52.828Z</time>
      </trkpt>
      <trkpt lat="51.230400" lon="7.729473">
        <ele>252.185416</ele>
        <time>2026-05-16T23:47:59.197Z</time>
      </trkpt>
      <trkpt lat="51.230440" lon="7.729892">
        <ele>251.573893</ele>
        <time>2026-05-16T23:48:03.188Z</time>
      </trkpt>
      <trkpt lat="51.230477" lon="7.730045">
        <ele>251.337253</ele>
        <time>2026-05-16T23:48:04.698Z</time>
      </trkpt>
      <trkpt lat="51.230608" lon="7.730368">
        <ele>250.782016</ele>
        <time>2026-05-16T23:48:08.197Z</time>
      </trkpt>
      <trkpt lat="51.230650" lon="7.730435">
        <ele>250.645233</ele>
        <time>2026-05-16T23:48:09.064Z</time>
      </trkpt>
      <trkpt lat="51.230880" lon="7.730693">
        <ele>249.997617</ele>
        <time>2026-05-16T23:48:13.144Z</time>
      </trkpt>
      <trkpt lat="51.231355" lon="7.730916">
        <ele>248.856852</ele>
        <time>2026-05-16T23:48:20.570Z</time>
      </trkpt>
      <trkpt lat="51.231937" lon="7.731312">
        <ele>247.630024</ele>
        <time>2026-05-16T23:48:30.378Z</time>
      </trkpt>
      <trkpt lat="51.232224" lon="7.731562">
        <ele>247.125234</ele>
        <time>2026-05-16T23:48:35.546Z</time>
      </trkpt>
      <trkpt lat="51.232238" lon="7.731574">
        <ele>247.100700</ele>
        <time>2026-05-16T23:48:35.808Z</time>
      </trkpt>
      <trkpt lat="51.232472" lon="7.731880">
        <ele>246.633707</ele>
        <time>2026-05-16T23:48:40.844Z</time>
      </trkpt>
      <trkpt lat="51.232641" lon="7.732212">
        <ele>246.220024</ele>
        <time>2026-05-16T23:48:45.312Z</time>
      </trkpt>
      <trkpt lat="51.232773" lon="7.732602">
        <ele>245.791392</ele>
        <time>2026-05-16T23:48:50.042Z</time>
      </trkpt>
      <trkpt lat="51.233019" lon="7.733839">
        <ele>244.370446</ele>
        <time>2026-05-16T23:49:02.921Z</time>
      </trkpt>
      <trkpt lat="51.233061" lon="7.734220">
        <ele>243.917290</ele>
        <time>2026-05-16T23:49:06.784Z</time>
      </trkpt>
      <trkpt lat="51.233055" lon="7.734413">
        <ele>243.690937</ele>
        <time>2026-05-16T23:49:08.730Z</time>
      </trkpt>
      <trkpt lat="51.233010" lon="7.734698">
        <ele>243.346646</ele>
        <time>2026-05-16T23:49:11.737Z</time>
      </trkpt>
      <trkpt lat="51.232911" lon="7.735062">
        <ele>242.881781</ele>
        <time>2026-05-16T23:49:15.683Z</time>
      </trkpt>
      <trkpt lat="51.232778" lon="7.735412">
        <ele>242.402209</ele>
        <time>2026-05-16T23:49:19.610Z</time>
      </trkpt>
      <trkpt lat="51.232587" lon="7.735806">
        <ele>241.795201</ele>
        <time>2026-05-16T23:49:24.198Z</time>
      </trkpt>
      <trkpt lat="51.232503" lon="7.736088">
        <ele>241.367697</ele>
        <time>2026-05-16T23:49:27.015Z</time>
      </trkpt>
      <trkpt lat="51.232476" lon="7.736437">
        <ele>240.886295</ele>
        <time>2026-05-16T23:49:30.268Z</time>
      </trkpt>
      <trkpt lat="51.232506" lon="7.736839">
        <ele>240.332076</ele>
        <time>2026-05-16T23:49:34.065Z</time>
      </trkpt>
      <trkpt lat="51.232620" lon="7.737330">
        <ele>239.615194</ele>
        <time>2026-05-16T23:49:38.867Z</time>
      </trkpt>
      <trkpt lat="51.233062" lon="7.738667">
        <ele>237.942510</ele>
        <time>2026-05-16T23:49:53.824Z</time>
      </trkpt>
      <trkpt lat="51.233325" lon="7.739125">
        <ele>237.796854</ele>
        <time>2026-05-16T23:50:01.097Z</time>
      </trkpt>
      <trkpt lat="51.233551" lon="7.739455">
        <ele>237.682227</ele>
        <time>2026-05-16T23:50:06.867Z</time>
      </trkpt>
      <trkpt lat="51.233780" lon="7.739913">
        <ele>237.544854</ele>
        <time>2026-05-16T23:50:14.444Z</time>
      </trkpt>
      <trkpt lat="51.233998" lon="7.740356">
        <ele>237.412794</ele>
        <time>2026-05-16T23:50:21.813Z</time>
      </trkpt>
      <trkpt lat="51.234290" lon="7.740964">
        <ele>237.053996</ele>
        <time>2026-05-16T23:50:30.592Z</time>
      </trkpt>
      <trkpt lat="51.234433" lon="7.741331">
        <ele>236.798896</ele>
        <time>2026-05-16T23:50:35.189Z</time>
      </trkpt>
      <trkpt lat="51.234564" lon="7.741797">
        <ele>236.497440</ele>
        <time>2026-05-16T23:50:40.473Z</time>
      </trkpt>
      <trkpt lat="51.234620" lon="7.742102">
        <ele>236.309865</ele>
        <time>2026-05-16T23:50:43.855Z</time>
      </trkpt>
      <trkpt lat="51.234644" lon="7.742452">
        <ele>236.102077</ele>
        <time>2026-05-16T23:50:47.567Z</time>
      </trkpt>
      <trkpt lat="51.234593" lon="7.743166">
        <ele>235.677977</ele>
        <time>2026-05-16T23:50:54.865Z</time>
      </trkpt>
      <trkpt lat="51.234492" lon="7.743764">
        <ele>235.218935</ele>
        <time>2026-05-16T23:51:01.137Z</time>
      </trkpt>
      <trkpt lat="51.234335" lon="7.744471">
        <ele>234.655715</ele>
        <time>2026-05-16T23:51:08.814Z</time>
      </trkpt>
      <trkpt lat="51.234273" lon="7.745138">
        <ele>234.149434</ele>
        <time>2026-05-16T23:51:15.891Z</time>
      </trkpt>
      <trkpt lat="51.234223" lon="7.746743">
        <ele>233.113615</ele>
        <time>2026-05-16T23:51:32.692Z</time>
      </trkpt>
      <trkpt lat="51.234239" lon="7.747297">
        <ele>232.825012</ele>
        <time>2026-05-16T23:51:38.633Z</time>
      </trkpt>
      <trkpt lat="51.234251" lon="7.747452">
        <ele>232.743737</ele>
        <time>2026-05-16T23:51:40.281Z</time>
      </trkpt>
      <trkpt lat="51.234357" lon="7.748131">
        <ele>232.379575</ele>
        <time>2026-05-16T23:51:47.748Z</time>
      </trkpt>
      <trkpt lat="51.234509" lon="7.748704">
        <ele>232.055736</ele>
        <time>2026-05-16T23:51:54.437Z</time>
      </trkpt>
      <trkpt lat="51.235019" lon="7.750280">
        <ele>231.686748</ele>
        <time>2026-05-16T23:52:16.451Z</time>
      </trkpt>
      <trkpt lat="51.235334" lon="7.751521">
        <ele>231.322640</ele>
        <time>2026-05-16T23:52:31.712Z</time>
      </trkpt>
      <trkpt lat="51.235447" lon="7.752035">
        <ele>230.795430</ele>
        <time>2026-05-16T23:52:37.190Z</time>
      </trkpt>
      <trkpt lat="51.235480" lon="7.752284">
        <ele>230.549115</ele>
        <time>2026-05-16T23:52:39.662Z</time>
      </trkpt>
      <trkpt lat="51.235467" lon="7.752746">
        <ele>230.101552</ele>
        <time>2026-05-16T23:52:44.089Z</time>
      </trkpt>
      <trkpt lat="51.235397" lon="7.753134">
        <ele>229.710777</ele>
        <time>2026-05-16T23:52:47.889Z</time>
      </trkpt>
      <trkpt lat="51.235202" lon="7.753915">
        <ele>228.897063</ele>
        <time>2026-05-16T23:52:56.172Z</time>
      </trkpt>
      <trkpt lat="51.235168" lon="7.754220">
        <ele>228.680574</ele>
        <time>2026-05-16T23:52:59.367Z</time>
      </trkpt>
      <trkpt lat="51.235185" lon="7.754456">
        <ele>228.683130</ele>
        <time>2026-05-16T23:53:01.836Z</time>
      </trkpt>
      <trkpt lat="51.235275" lon="7.754766">
        <ele>228.686805</ele>
        <time>2026-05-16T23:53:05.516Z</time>
      </trkpt>
      <trkpt lat="51.235383" lon="7.754948">
        <ele>228.689502</ele>
        <time>2026-05-16T23:53:08.573Z</time>
      </trkpt>
      <trkpt lat="51.235556" lon="7.755107">
        <ele>228.692931</ele>
        <time>2026-05-16T23:53:12.602Z</time>
      </trkpt>
      <trkpt lat="51.235903" lon="7.755305">
        <ele>228.699262</ele>
        <time>2026-05-16T23:53:20.683Z</time>
      </trkpt>
      <trkpt lat="51.236708" lon="7.755764">
        <ele>228.695198</ele>
        <time>2026-05-16T23:53:40.094Z</time>
      </trkpt>
      <trkpt lat="51.236947" lon="7.755904">
        <ele>228.675369</ele>
        <time>2026-05-16T23:53:45.325Z</time>
      </trkpt>
      <trkpt lat="51.237440" lon="7.756184">
        <ele>228.634612</ele>
        <time>2026-05-16T23:53:55.937Z</time>
      </trkpt>
      <trkpt lat="51.238222" lon="7.756656">
        <ele>228.532101</ele>
        <time>2026-05-16T23:54:11.682Z</time>
      </trkpt>
      <trkpt lat="51.238627" lon="7.757058">
        <ele>227.050437</ele>
        <time>2026-05-16T23:54:19.248Z</time>
      </trkpt>
      <trkpt lat="51.238901" lon="7.757500">
        <ele>225.840372</ele>
        <time>2026-05-16T23:54:24.788Z</time>
      </trkpt>
      <trkpt lat="51.239138" lon="7.758155">
        <ele>224.368638</ele>
        <time>2026-05-16T23:54:31.224Z</time>
      </trkpt>
      <trkpt lat="51.239298" lon="7.758952">
        <ele>222.714718</ele>
        <time>2026-05-16T23:54:38.500Z</time>
      </trkpt>
      <trkpt lat="51.239394" lon="7.759399">
        <ele>221.697457</ele>
        <time>2026-05-16T23:54:42.580Z</time>
      </trkpt>
      <trkpt lat="51.239522" lon="7.759844">
        <ele>220.643280</ele>
        <time>2026-05-16T23:54:46.826Z</time>
      </trkpt>
      <trkpt lat="51.239658" lon="7.760131">
        <ele>219.868467</ele>
        <time>2026-05-16T23:54:49.997Z</time>
      </trkpt>
      <trkpt lat="51.239942" lon="7.760507">
        <ele>218.600159</ele>
        <time>2026-05-16T23:54:55.330Z</time>
      </trkpt>
      <trkpt lat="51.240203" lon="7.760687">
        <ele>217.622685</ele>
        <time>2026-05-16T23:54:59.671Z</time>
      </trkpt>
      <trkpt lat="51.240504" lon="7.760774">
        <ele>216.581189</ele>
        <time>2026-05-16T23:55:04.186Z</time>
      </trkpt>
      <trkpt lat="51.240872" lon="7.760795">
        <ele>215.372395</ele>
        <time>2026-05-16T23:55:09.401Z</time>
      </trkpt>
      <trkpt lat="51.241214" lon="7.760795">
        <ele>214.249721</ele>
        <time>2026-05-16T23:55:14.227Z</time>
      </trkpt>
      <trkpt lat="51.241707" lon="7.760907">
        <ele>212.615077</ele>
        <time>2026-05-16T23:55:21.212Z</time>
      </trkpt>
      <trkpt lat="51.242587" lon="7.761374">
        <ele>210.111244</ele>
        <time>2026-05-16T23:55:34.620Z</time>
      </trkpt>
      <trkpt lat="51.243089" lon="7.761525">
        <ele>209.119645</ele>
        <time>2026-05-16T23:55:42.434Z</time>
      </trkpt>
      <trkpt lat="51.243114" lon="7.761524">
        <ele>209.071100</ele>
        <time>2026-05-16T23:55:42.831Z</time>
      </trkpt>
      <trkpt lat="51.243390" lon="7.761518">
        <ele>208.535284</ele>
        <time>2026-05-16T23:55:47.209Z</time>
      </trkpt>
      <trkpt lat="51.244247" lon="7.761248">
        <ele>207.195982</ele>
        <time>2026-05-16T23:56:01.918Z</time>
      </trkpt>
      <trkpt lat="51.244593" lon="7.761195">
        <ele>206.949261</ele>
        <time>2026-05-16T23:56:08.306Z</time>
      </trkpt>
      <trkpt lat="51.244998" lon="7.761198">
        <ele>206.661784</ele>
        <time>2026-05-16T23:56:15.833Z</time>
      </trkpt>
      <trkpt lat="51.245653" lon="7.761219">
        <ele>206.196763</ele>
        <time>2026-05-16T23:56:27.132Z</time>
      </trkpt>
      <trkpt lat="51.245924" lon="7.761231">
        <ele>205.805701</ele>
        <time>2026-05-16T23:56:31.618Z</time>
      </trkpt>
      <trkpt lat="51.246252" lon="7.761304">
        <ele>205.182706</ele>
        <time>2026-05-16T23:56:37.152Z</time>
      </trkpt>
      <trkpt lat="51.246530" lon="7.761455">
        <ele>204.630329</ele>
        <time>2026-05-16T23:56:41.916Z</time>
      </trkpt>
      <trkpt lat="51.246788" lon="7.761660">
        <ele>204.088257</ele>
        <time>2026-05-16T23:56:46.374Z</time>
      </trkpt>
      <trkpt lat="51.247177" lon="7.762112">
        <ele>203.183373</ele>
        <time>2026-05-16T23:56:53.488Z</time>
      </trkpt>
      <trkpt lat="51.247344" lon="7.762364">
        <ele>202.751221</ele>
        <time>2026-05-16T23:56:56.849Z</time>
      </trkpt>
      <trkpt lat="51.247414" lon="7.762522">
        <ele>202.454824</ele>
        <time>2026-05-16T23:56:58.641Z</time>
      </trkpt>
      <trkpt lat="51.247515" lon="7.762979">
        <ele>201.704742</ele>
        <time>2026-05-16T23:57:03.255Z</time>
      </trkpt>
      <trkpt lat="51.247537" lon="7.763887">
        <ele>200.298394</ele>
        <time>2026-05-16T23:57:11.782Z</time>
      </trkpt>
      <trkpt lat="51.247576" lon="7.764482">
        <ele>199.372489</ele>
        <time>2026-05-16T23:57:17.313Z</time>
      </trkpt>
      <trkpt lat="51.247656" lon="7.764864">
        <ele>198.749064</ele>
        <time>2026-05-16T23:57:21.054Z</time>
      </trkpt>
      <trkpt lat="51.247830" lon="7.765289">
        <ele>198.026677</ele>
        <time>2026-05-16T23:57:25.890Z</time>
      </trkpt>
      <trkpt lat="51.248187" lon="7.765874">
        <ele>197.005217</ele>
        <time>2026-05-16T23:57:33.898Z</time>
      </trkpt>
      <trkpt lat="51.248448" lon="7.766175">
        <ele>196.362271</ele>
        <time>2026-05-16T23:57:38.904Z</time>
      </trkpt>
      <trkpt lat="51.249310" lon="7.766876">
        <ele>194.555327</ele>
        <time>2026-05-16T23:57:53.957Z</time>
      </trkpt>
      <trkpt lat="51.249538" lon="7.767124">
        <ele>194.258446</ele>
        <time>2026-05-16T23:57:58.203Z</time>
      </trkpt>
      <trkpt lat="51.250136" lon="7.767778">
        <ele>193.478440</ele>
        <time>2026-05-16T23:58:09.720Z</time>
      </trkpt>
      <trkpt lat="51.250271" lon="7.767852">
        <ele>193.324821</ele>
        <time>2026-05-16T23:58:12.168Z</time>
      </trkpt>
      <trkpt lat="51.250439" lon="7.767885">
        <ele>193.142636</ele>
        <time>2026-05-16T23:58:15.210Z</time>
      </trkpt>
      <trkpt lat="51.250623" lon="7.767882">
        <ele>192.944581</ele>
        <time>2026-05-16T23:58:18.749Z</time>
      </trkpt>
      <trkpt lat="51.250770" lon="7.767830">
        <ele>192.782529</ele>
        <time>2026-05-16T23:58:21.986Z</time>
      </trkpt>
      <trkpt lat="51.250881" lon="7.767720">
        <ele>192.631525</ele>
        <time>2026-05-16T23:58:25.080Z</time>
      </trkpt>
      <trkpt lat="51.250966" lon="7.767577">
        <ele>192.487467</ele>
        <time>2026-05-16T23:58:28.288Z</time>
      </trkpt>
      <trkpt lat="51.251130" lon="7.767264">
        <ele>192.189288</ele>
        <time>2026-05-16T23:58:34.659Z</time>
      </trkpt>
      <trkpt lat="51.251386" lon="7.766758">
        <ele>191.714014</ele>
        <time>2026-05-16T23:58:42.232Z</time>
      </trkpt>
      <trkpt lat="51.251477" lon="7.766342">
        <ele>191.392112</ele>
        <time>2026-05-16T23:58:46.752Z</time>
      </trkpt>
      <trkpt lat="51.251515" lon="7.765972">
        <ele>191.118221</ele>
        <time>2026-05-16T23:58:50.396Z</time>
      </trkpt>
      <trkpt lat="51.251582" lon="7.765980">
        <ele>191.039809</ele>
        <time>2026-05-16T23:58:51.340Z</time>
      </trkpt>
      <trkpt lat="51.252327" lon="7.765724">
        <ele>189.834046</ele>
        <time>2026-05-16T23:59:02.095Z</time>
      </trkpt>
      <trkpt lat="51.252523" lon="7.765656">
        <ele>189.456392</ele>
        <time>2026-05-16T23:59:04.893Z</time>
      </trkpt>
      <trkpt lat="51.252578" lon="7.765665">
        <ele>189.352290</ele>
        <time>2026-05-16T23:59:05.676Z</time>
      </trkpt>
      <trkpt lat="51.252648" lon="7.765213">
        <ele>188.803545</ele>
        <time>2026-05-16T23:59:10.152Z</time>
      </trkpt>
      <trkpt lat="51.252731" lon="7.764982">
        <ele>188.489642</ele>
        <time>2026-05-16T23:59:12.938Z</time>
      </trkpt>
      <trkpt lat="51.252575" lon="7.764832">
        <ele>188.146816</ele>
        <time>2026-05-16T23:59:17.099Z</time>
      </trkpt>
      <trkpt lat="51.252637" lon="7.764505">
        <ele>187.744152</ele>
        <time>2026-05-16T23:59:22.417Z</time>
      </trkpt>
      <trkpt lat="51.252674" lon="7.764312">
        <ele>187.506272</ele>
        <time>2026-05-16T23:59:25.928Z</time>
      </trkpt>
      <trkpt lat="51.252940" lon="7.764027">
        <ele>187.379636</ele>
        <time>2026-05-16T23:59:35.576Z</time>
      </trkpt>
      <trkpt lat="51.253121" lon="7.763875">
        <ele>187.481957</ele>
        <time>2026-05-16T23:59:42.010Z</time>
      </trkpt>
      <trkpt lat="51.253181" lon="7.763807">
        <ele>187.518767</ele>
        <time>2026-05-16T23:59:44.262Z</time>
      </trkpt>
      <trkpt lat="51.253157" lon="7.763758">
        <ele>187.538253</ele>
        <time>2026-05-16T23:59:45.687Z</time>
      </trkpt>
      <trkpt lat="51.253484" lon="7.763355">
        <ele>187.744904</ele>
        <time>2026-05-16T23:59:58.428Z</time>
      </trkpt>
      <trkpt lat="51.253482" lon="7.763247">
        <ele>187.778743</ele>
        <time>2026-05-17T00:00:00.195Z</time>
      </trkpt>
      <trkpt lat="51.253652" lon="7.763061">
        <ele>187.881844</ele>
        <time>2026-05-17T00:00:04.648Z</time>
      </trkpt>
      <trkpt lat="51.253682" lon="7.763027">
        <ele>187.900249</ele>
        <time>2026-05-17T00:00:05.359Z</time>
      </trkpt>
      <trkpt lat="51.254256" lon="7.762393">
        <ele>188.055825</ele>
        <time>2026-05-17T00:00:18.474Z</time>
      </trkpt>
      <trkpt lat="51.255098" lon="7.761253">
        <ele>187.075945</ele>
        <time>2026-05-17T00:00:38.937Z</time>
      </trkpt>
      <trkpt lat="51.255471" lon="7.760864">
        <ele>186.680472</ele>
        <time>2026-05-17T00:00:45.919Z</time>
      </trkpt>
      <trkpt lat="51.255699" lon="7.760730">
        <ele>186.423238</ele>
        <time>2026-05-17T00:00:49.494Z</time>
      </trkpt>
      <trkpt lat="51.256124" lon="7.760581">
        <ele>185.900817</ele>
        <time>2026-05-17T00:00:55.830Z</time>
      </trkpt>
      <trkpt lat="51.256675" lon="7.760524">
        <ele>185.237866</ele>
        <time>2026-05-17T00:01:04.294Z</time>
      </trkpt>
      <trkpt lat="51.256760" lon="7.760524">
        <ele>185.135810</ele>
        <time>2026-05-17T00:01:05.740Z</time>
      </trkpt>
      <trkpt lat="51.256787" lon="7.760559">
        <ele>185.094065</ele>
        <time>2026-05-17T00:01:06.296Z</time>
      </trkpt>
      <trkpt lat="51.256906" lon="7.760597">
        <ele>184.948361</ele>
        <time>2026-05-17T00:01:08.384Z</time>
      </trkpt>
      <trkpt lat="51.256910" lon="7.760803">
        <ele>184.793496</ele>
        <time>2026-05-17T00:01:10.731Z</time>
      </trkpt>
      <trkpt lat="51.256913" lon="7.761161">
        <ele>184.524467</ele>
        <time>2026-05-17T00:01:15.392Z</time>
      </trkpt>
      <trkpt lat="51.256977" lon="7.762188">
        <ele>184.423127</ele>
        <time>2026-05-17T00:01:43.012Z</time>
      </trkpt>
      <trkpt lat="51.257041" lon="7.763215">
        <ele>184.423127</ele>
        <time>2026-05-17T00:02:10.638Z</time>
      </trkpt>
    </trkseg>
  </trk>
</gpx>